event_time,site_cam,audio_path,modality,event_type,sensor_id,confidence,top_species,top_confidence,top_start_time,top_end_time
2025-06-30 20:25:07,TW05-SM01,thewilds_bioacousticmonitors_full\TW05-SM01\SD01_20250630_20250703\SM001_20250701_204402.wav,audio,audio_clip,TW05-SM01,0.8097476363182068,Quiscalus quiscula_Common Grackle,0.8097476363182068,78.0,81.0
2025-06-30 20:25:07,TW05-SM01,thewilds_bioacousticmonitors_full\TW05-SM01\SD01_20250630_20250703\SM001_20250701_204402.wav,audio,audio_clip,TW05-SM01,0.8097476363182068,Quiscalus quiscula_Common Grackle,0.8097476363182068,78.0,81.0
2025-06-30 20:25:07,TW05-SM01,thewilds_bioacousticmonitors_full\TW05-SM01\SD01_20250630_20250703\SM001_20250701_204402.wav,audio,audio_clip,TW05-SM01,0.8097476363182068,Quiscalus quiscula_Common Grackle,0.8097476363182068,78.0,81.0
2025-06-30 20:25:07,TW08-SM04,thewilds_bioacousticmonitors_full\TW08-SM04\SD04_20250630_20250703\SM04_20250701_080000.wav,audio,audio_clip,TW08-SM04,0.8041172027587891,Ammodramus savannarum_Grasshopper Sparrow,0.8041172027587891,261.0,264.0
2025-06-30 20:25:07,TW06-SM03,thewilds_bioacousticmonitors_full\TW06-SM03\SD03_20250630_20250703\SM03_20250701_010000.wav,audio,audio_clip,TW06-SM03,0.6555697917938232,Coccyzus americanus_Yellow-billed Cuckoo,0.6555697917938232,216.0,219.0
2025-06-30 20:25:07,TW05-SM01,thewilds_bioacousticmonitors_full\TW05-SM01\SD01_20250630_20250703\SM001_20250630_212902.wav,audio,audio_clip,TW05-SM01,0.9148344993591307,Turdus philomelos_Song Thrush,0.9148344993591307,177.0,180.0
2025-06-30 20:25:07,TW06-SM03,thewilds_bioacousticmonitors_full\TW06-SM03\SD03_20250630_20250703\SM03_20250701_110000.wav,audio,audio_clip,TW06-SM03,0.1774310171604156,Spinus spinus_Eurasian Siskin,0.1774310171604156,42.0,45.0
2025-06-30 20:25:07,TW08-SM04,thewilds_bioacousticmonitors_full\TW08-SM04\SD04_20250630_20250703\SM04_20250702_140000.wav,audio,audio_clip,TW08-SM04,0.7246862053871155,Geothlypis trichas_Common Yellowthroat,0.7246862053871155,147.0,150.0
2025-06-30 20:25:07,TW08-SM04,thewilds_bioacousticmonitors_full\TW08-SM04\SD04_20250630_20250703\SM04_20250630_200000.wav,audio,audio_clip,TW08-SM04,0.9612897038459778,Hirundo rustica_Barn Swallow,0.9612897038459778,105.0,108.0
2025-06-30 20:25:07,TW06-SM03,thewilds_bioacousticmonitors_full\TW06-SM03\SD03_20250630_20250703\SM03_20250702_010000.wav,audio,audio_clip,TW06-SM03,0.7581458687782288,Ardea alba_Great Egret,0.7581458687782288,114.0,117.0
2025-06-30 20:25:07,TW05-SM01,thewilds_bioacousticmonitors_full\TW05-SM01\SD01_20250630_20250703\SM001_20250701_213902.wav,audio,audio_clip,TW05-SM01,0.9996552467346193,Haliaeetus leucocephalus_Bald Eagle,0.9996552467346193,144.0,147.0
2025-06-30 20:25:07,TW06-SM03,thewilds_bioacousticmonitors_full\TW06-SM03\SD03_20250630_20250703\SM03_20250701_170000.wav,audio,audio_clip,TW06-SM03,0.9984179735183716,Chaetura pelagica_Chimney Swift,0.9984179735183716,183.0,186.0
2025-06-30 20:25:07,TW05-SM01,thewilds_bioacousticmonitors_full\TW05-SM01\SD01_20250630_20250703\SM001_20250701_202402.wav,audio,audio_clip,TW05-SM01,0.6971296668052673,Haliaeetus leucocephalus_Bald Eagle,0.6971296668052673,246.0,249.0
2025-06-30 20:25:07,TW05-SM01,thewilds_bioacousticmonitors_full\TW05-SM01\SD01_20250630_20250703\SM001_20250702_063302.wav,audio,audio_clip,TW05-SM01,0.434190571308136,Zenaida macroura_Mourning Dove,0.434190571308136,87.0,90.0
2025-06-30 20:25:07,TW05-SM01,thewilds_bioacousticmonitors_full\TW05-SM01\SD01_20250630_20250703\SM001_20250702_065302.wav,audio,audio_clip,TW05-SM01,0.9558534622192384,Ixobrychus exilis_Least Bittern,0.9558534622192384,252.0,255.0
2025-06-30 20:25:07,TW05-SM01,thewilds_bioacousticmonitors_full\TW05-SM01\SD01_20250630_20250703\SM001_20250701_062802.wav,audio,audio_clip,TW05-SM01,0.874504029750824,Charadrius vociferus_Killdeer,0.874504029750824,93.0,96.0
2025-06-30 20:25:07,TW05-SM01,thewilds_bioacousticmonitors_full\TW05-SM01\SD01_20250630_20250703\SM001_20250702_064802.wav,audio,audio_clip,TW05-SM01,0.4212283194065094,Zenaida macroura_Mourning Dove,0.4212283194065094,30.0,33.0
2025-06-30 20:25:07,TW06-SM03,thewilds_bioacousticmonitors_full\TW06-SM03\SD03_20250630_20250703\SM03_20250703_110000.wav,audio,audio_clip,TW06-SM03,0.7198376655578613,Anser anser_Graylag Goose,0.7198376655578613,270.0,273.0
2025-06-30 20:25:07,TW06-SM03,thewilds_bioacousticmonitors_full\TW06-SM03\SD03_20250630_20250703\SM03_20250701_080000.wav,audio,audio_clip,TW06-SM03,0.9990031123161316,Hirundo rustica_Barn Swallow,0.9990031123161316,93.0,96.0
2025-06-30 20:25:07,TW08-SM04,thewilds_bioacousticmonitors_full\TW08-SM04\SD04_20250630_20250703\SM04_20250701_160000.wav,audio,audio_clip,TW08-SM04,0.4296891987323761,Melospiza georgiana_Swamp Sparrow,0.4296891987323761,39.0,42.0
2025-06-30 20:25:07,TW08-SM04,thewilds_bioacousticmonitors_full\TW08-SM04\SD04_20250630_20250703\SM04_20250703_120000.wav,audio,audio_clip,TW08-SM04,0.4903604984283447,Sturnella magna_Eastern Meadowlark,0.4903604984283447,210.0,213.0
2025-06-30 20:25:07,TW05-SM01,thewilds_bioacousticmonitors_full\TW05-SM01\SD01_20250630_20250703\SM001_20250702_200402.wav,audio,audio_clip,TW05-SM01,0.6635720133781433,Zenaida macroura_Mourning Dove,0.6635720133781433,9.0,12.0
2025-06-30 20:25:07,TW05-SM01,thewilds_bioacousticmonitors_full\TW05-SM01\SD01_20250630_20250703\SM001_20250701_201402.wav,audio,audio_clip,TW05-SM01,0.9914587140083312,Charadrius vociferus_Killdeer,0.9914587140083312,45.0,48.0
2025-06-30 20:25:07,TW08-SM04,thewilds_bioacousticmonitors_full\TW08-SM04\SD04_20250630_20250703\SM04_20250703_030000.wav,audio,audio_clip,TW08-SM04,0.7039490938186646,Locustella luscinioides_Savi's Warbler,0.7039490938186646,207.0,210.0
2025-06-30 20:25:07,TW05-SM01,thewilds_bioacousticmonitors_full\TW05-SM01\SD01_20250630_20250703\SM001_20250701_063802.wav,audio,audio_clip,TW05-SM01,0.776336669921875,Turdus migratorius_American Robin,0.776336669921875,225.0,228.0
2025-06-30 20:25:07,TW08-SM04,thewilds_bioacousticmonitors_full\TW08-SM04\SD04_20250630_20250703\SM04_20250701_220000.wav,audio,audio_clip,TW08-SM04,0.8274013996124268,Dryophytes versicolor_Gray Treefrog,0.8274013996124268,213.0,216.0
2025-06-30 20:25:07,TW05-SM01,thewilds_bioacousticmonitors_full\TW05-SM01\SD01_20250630_20250703\SM001_20250703_062402.wav,audio,audio_clip,TW05-SM01,0.3666942715644836,Colinus virginianus_Northern Bobwhite,0.3666942715644836,171.0,174.0
2025-06-30 20:25:07,TW05-SM01,thewilds_bioacousticmonitors_full\TW05-SM01\SD01_20250630_20250703\SM001_20250701_210902.wav,audio,audio_clip,TW05-SM01,0.6875827312469482,Tyrannus forficatus_Scissor-tailed Flycatcher,0.6875827312469482,150.0,153.0
2025-06-30 20:25:07,TW08-SM04,thewilds_bioacousticmonitors_full\TW08-SM04\SD04_20250630_20250703\SM04_20250701_000000.wav,audio,audio_clip,TW08-SM04,0.5065516829490662,Scytalopus stilesi_Stiles's Tapaculo,0.5065516829490662,87.0,90.0
2025-06-30 20:25:07,TW05-SM01,thewilds_bioacousticmonitors_full\TW05-SM01\SD01_20250630_20250703\SM001_20250702_202902.wav,audio,audio_clip,TW05-SM01,0.5101966857910156,Turdus migratorius_American Robin,0.5101966857910156,207.0,210.0
2025-06-30 20:25:07,TW05-SM01,thewilds_bioacousticmonitors_full\TW05-SM01\SD01_20250630_20250703\SM001_20250702_054302.wav,audio,audio_clip,TW05-SM01,0.6852753758430481,Zenaida macroura_Mourning Dove,0.6852753758430481,273.0,276.0
2025-06-30 20:25:07,TW06-SM03,thewilds_bioacousticmonitors_full\TW06-SM03\SD03_20250630_20250703\SM03_20250703_040000.wav,audio,audio_clip,TW06-SM03,0.8470893502235413,Locustella luscinioides_Savi's Warbler,0.8470893502235413,204.0,207.0
2025-06-30 20:25:07,TW05-SM01,thewilds_bioacousticmonitors_full\TW05-SM01\SD01_20250630_20250703\SM001_20250630_203902.wav,audio,audio_clip,TW05-SM01,0.7361723780632019,Ardea alba_Great Egret,0.7361723780632019,213.0,216.0
2025-06-30 20:25:07,TW06-SM03,thewilds_bioacousticmonitors_full\TW06-SM03\SD03_20250630_20250703\SM03_20250703_080000.wav,audio,audio_clip,TW06-SM03,0.9649176597595216,Hirundo rustica_Barn Swallow,0.9649176597595216,51.0,54.0
2025-06-30 20:25:07,TW05-SM01,thewilds_bioacousticmonitors_full\TW05-SM01\SD01_20250630_20250703\SM001_20250701_204902.wav,audio,audio_clip,TW05-SM01,0.8173492550849915,Geothlypis trichas_Common Yellowthroat,0.8173492550849915,174.0,177.0
2025-06-30 20:25:07,TW05-SM01,thewilds_bioacousticmonitors_full\TW05-SM01\SD01_20250630_20250703\SM001_20250630_210902.wav,audio,audio_clip,TW05-SM01,0.8439190983772278,Turdus migratorius_American Robin,0.8439190983772278,117.0,120.0
2025-06-30 20:25:07,TW06-SM03,thewilds_bioacousticmonitors_full\TW06-SM03\SD03_20250630_20250703\SM03_20250702_200000.wav,audio,audio_clip,TW06-SM03,0.6737428903579712,Phasianus colchicus_Ring-necked Pheasant,0.6737428903579712,129.0,132.0
2025-06-30 20:25:07,TW06-SM03,thewilds_bioacousticmonitors_full\TW06-SM03\SD03_20250630_20250703\SM03_20250702_180000.wav,audio,audio_clip,TW06-SM03,0.998504400253296,Hirundo rustica_Barn Swallow,0.998504400253296,63.0,66.0
2025-06-30 20:25:07,TW06-SM03,thewilds_bioacousticmonitors_full\TW06-SM03\SD03_20250630_20250703\SM03_20250703_130000.wav,audio,audio_clip,TW06-SM03,0.9915044903755188,Passerculus sandwichensis_Savannah Sparrow,0.9915044903755188,111.0,114.0
2025-06-30 20:25:07,TW05-SM01,thewilds_bioacousticmonitors_full\TW05-SM01\SD01_20250630_20250703\SM001_20250702_055802.wav,audio,audio_clip,TW05-SM01,0.5069814324378967,Colinus virginianus_Northern Bobwhite,0.5069814324378967,69.0,72.0
2025-06-30 20:25:07,TW06-SM03,thewilds_bioacousticmonitors_full\TW06-SM03\SD03_20250630_20250703\SM03_20250701_210000.wav,audio,audio_clip,TW06-SM03,0.979264199733734,Passerculus sandwichensis_Savannah Sparrow,0.979264199733734,192.0,195.0
2025-06-30 20:25:07,TW05-SM01,thewilds_bioacousticmonitors_full\TW05-SM01\SD01_20250630_20250703\SM001_20250701_203902.wav,audio,audio_clip,TW05-SM01,0.9982715845108032,Melanerpes erythrocephalus_Red-headed Woodpecker,0.9982715845108032,216.0,219.0
2025-06-30 20:25:07,TW08-SM04,thewilds_bioacousticmonitors_full\TW08-SM04\SD04_20250630_20250703\SM04_20250702_130000.wav,audio,audio_clip,TW08-SM04,0.584240734577179,Icterus spurius_Orchard Oriole,0.584240734577179,276.0,279.0
2025-06-30 20:25:07,TW08-SM04,thewilds_bioacousticmonitors_full\TW08-SM04\SD04_20250630_20250703\SM04_20250702_040000.wav,audio,audio_clip,TW08-SM04,0.1791527271270752,Tyto alba_Barn Owl,0.1791527271270752,147.0,150.0
2025-06-30 20:25:07,TW06-SM03,thewilds_bioacousticmonitors_full\TW06-SM03\SD03_20250630_20250703\SM03_20250701_090000.wav,audio,audio_clip,TW06-SM03,0.9779044389724731,Charadrius vociferus_Killdeer,0.9779044389724731,204.0,207.0
2025-06-30 20:25:07,TW05-SM01,thewilds_bioacousticmonitors_full\TW05-SM01\SD01_20250630_20250703\SM001_20250701_214402.wav,audio,audio_clip,TW05-SM01,0.9785995483398438,Charadrius vociferus_Killdeer,0.9785995483398438,87.0,90.0
2025-06-30 20:25:07,TW08-SM04,thewilds_bioacousticmonitors_full\TW08-SM04\SD04_20250630_20250703\SM04_20250701_110000.wav,audio,audio_clip,TW08-SM04,0.6419601440429688,Aegolius acadicus_Northern Saw-whet Owl,0.6419601440429688,270.0,273.0
2025-06-30 20:25:07,TW05-SM01,thewilds_bioacousticmonitors_full\TW05-SM01\SD01_20250630_20250703\SM001_20250702_214902.wav,audio,audio_clip,TW05-SM01,0.99762362241745,Charadrius vociferus_Killdeer,0.99762362241745,114.0,117.0
2025-06-30 20:25:07,TW08-SM04,thewilds_bioacousticmonitors_full\TW08-SM04\SD04_20250630_20250703\SM04_20250701_050000.wav,audio,audio_clip,TW08-SM04,0.7650639414787292,Ammodramus savannarum_Grasshopper Sparrow,0.7650639414787292,201.0,204.0
2025-06-30 20:25:07,TW06-SM03,thewilds_bioacousticmonitors_full\TW06-SM03\SD03_20250630_20250703\SM03_20250702_080000.wav,audio,audio_clip,TW06-SM03,0.7806646823883057,Icterus spurius_Orchard Oriole,0.7806646823883057,180.0,183.0
2025-06-30 20:25:07,TW06-SM03,thewilds_bioacousticmonitors_full\TW06-SM03\SD03_20250630_20250703\SM03_20250630_180000.wav,audio,audio_clip,TW06-SM03,0.9957412481307985,Hirundo rustica_Barn Swallow,0.9957412481307985,183.0,186.0
2025-06-30 20:25:07,TW05-SM01,thewilds_bioacousticmonitors_full\TW05-SM01\SD01_20250630_20250703\SM001_20250702_213902.wav,audio,audio_clip,TW05-SM01,0.9851484298706056,Charadrius vociferus_Killdeer,0.9851484298706056,9.0,12.0
2025-06-30 20:25:07,TW05-SM01,thewilds_bioacousticmonitors_full\TW05-SM01\SD01_20250630_20250703\SM001_20250630_215402.wav,audio,audio_clip,TW05-SM01,0.5934837460517883,Anhinga anhinga_Anhinga,0.5934837460517883,225.0,228.0
2025-06-30 20:25:07,TW05-SM01,thewilds_bioacousticmonitors_full\TW05-SM01\SD01_20250630_20250703\SM001_20250702_211902.wav,audio,audio_clip,TW05-SM01,0.9997904896736144,Haliaeetus leucocephalus_Bald Eagle,0.9997904896736144,33.0,36.0
2025-06-30 20:25:07,TW06-SM03,thewilds_bioacousticmonitors_full\TW06-SM03\SD03_20250630_20250703\SM03_20250703_120000.wav,audio,audio_clip,TW06-SM03,0.4518826305866241,Fireworks_Fireworks,0.4518826305866241,108.0,111.0
2025-06-30 20:25:07,TW08-SM04,thewilds_bioacousticmonitors_full\TW08-SM04\SD04_20250630_20250703\SM04_20250703_100000.wav,audio,audio_clip,TW08-SM04,0.7756639122962952,Ixobrychus exilis_Least Bittern,0.7756639122962952,36.0,39.0
2025-06-30 20:25:07,TW05-SM01,thewilds_bioacousticmonitors_full\TW05-SM01\SD01_20250630_20250703\SM001_20250702_202402.wav,audio,audio_clip,TW05-SM01,0.8597166538238525,Charadrius vociferus_Killdeer,0.8597166538238525,168.0,171.0
2025-06-30 20:25:07,TW08-SM04,thewilds_bioacousticmonitors_full\TW08-SM04\SD04_20250630_20250703\SM04_20250702_200000.wav,audio,audio_clip,TW08-SM04,0.6486738920211792,Sturnus vulgaris_European Starling,0.6486738920211792,6.0,9.0
2025-06-30 20:25:07,TW05-SM01,thewilds_bioacousticmonitors_full\TW05-SM01\SD01_20250630_20250703\SM001_20250630_210402.wav,audio,audio_clip,TW05-SM01,0.5943005681037903,Platalea ajaja_Roseate Spoonbill,0.5943005681037903,42.0,45.0
2025-06-30 20:25:07,TW08-SM04,thewilds_bioacousticmonitors_full\TW08-SM04\SD04_20250630_20250703\SM04_20250701_150000.wav,audio,audio_clip,TW08-SM04,0.7794374823570251,Turdus migratorius_American Robin,0.7794374823570251,297.0,300.0
2025-06-30 20:25:07,TW05-SM01,thewilds_bioacousticmonitors_full\TW05-SM01\SD01_20250630_20250703\SM001_20250702_215402.wav,audio,audio_clip,TW05-SM01,0.700360894203186,Charadrius vociferus_Killdeer,0.700360894203186,267.0,270.0
2025-06-30 20:25:07,TW05-SM01,thewilds_bioacousticmonitors_full\TW05-SM01\SD01_20250630_20250703\SM001_20250702_211402.wav,audio,audio_clip,TW05-SM01,0.9209362864494324,Tyrannus tyrannus_Eastern Kingbird,0.9209362864494324,273.0,276.0
2025-06-30 20:25:07,TW05-SM01,thewilds_bioacousticmonitors_full\TW05-SM01\SD01_20250630_20250703\SM001_20250701_065802.wav,audio,audio_clip,TW05-SM01,0.4332927465438843,Ixobrychus exilis_Least Bittern,0.4332927465438843,168.0,171.0
2025-06-30 20:25:07,TW05-SM01,thewilds_bioacousticmonitors_full\TW05-SM01\SD01_20250630_20250703\SM001_20250630_211402.wav,audio,audio_clip,TW05-SM01,0.5697371363639832,Anhinga anhinga_Anhinga,0.5697371363639832,18.0,21.0
2025-06-30 20:25:07,TW05-SM01,thewilds_bioacousticmonitors_full\TW05-SM01\SD01_20250630_20250703\SM001_20250630_211902.wav,audio,audio_clip,TW05-SM01,0.868018388748169,Mimus polyglottos_Northern Mockingbird,0.868018388748169,258.0,261.0
2025-06-30 20:25:07,TW06-SM03,thewilds_bioacousticmonitors_full\TW06-SM03\SD03_20250630_20250703\SM03_20250703_140000.wav,audio,audio_clip,TW06-SM03,0.995183289051056,Hirundo rustica_Barn Swallow,0.995183289051056,108.0,111.0
2025-06-30 20:25:07,TW05-SM01,thewilds_bioacousticmonitors_full\TW05-SM01\SD01_20250630_20250703\SM001_20250701_064302.wav,audio,audio_clip,TW05-SM01,0.561771035194397,Ardea alba_Great Egret,0.561771035194397,39.0,42.0
2025-06-30 20:25:07,TW08-SM04,thewilds_bioacousticmonitors_full\TW08-SM04\SD04_20250630_20250703\SM04_20250702_120000.wav,audio,audio_clip,TW08-SM04,0.40329310297966,Ixobrychus exilis_Least Bittern,0.40329310297966,246.0,249.0
2025-06-30 20:25:07,TW05-SM01,thewilds_bioacousticmonitors_full\TW05-SM01\SD01_20250630_20250703\SM001_20250701_201902.wav,audio,audio_clip,TW05-SM01,0.9134355187416076,Megaceryle alcyon_Belted Kingfisher,0.9134355187416076,3.0,6.0
2025-06-30 20:25:07,TW05-SM01,thewilds_bioacousticmonitors_full\TW05-SM01\SD01_20250630_20250703\SM001_20250701_215402.wav,audio,audio_clip,TW05-SM01,0.9514608383178712,Lithobates catesbeianus_American Bullfrog,0.9514608383178712,111.0,114.0
2025-06-30 20:25:07,TW05-SM01,thewilds_bioacousticmonitors_full\TW05-SM01\SD01_20250630_20250703\SM001_20250702_212902.wav,audio,audio_clip,TW05-SM01,0.5587735772132874,Lithobates catesbeianus_American Bullfrog,0.5587735772132874,231.0,234.0
2025-06-30 20:25:07,TW05-SM01,thewilds_bioacousticmonitors_full\TW05-SM01\SD01_20250630_20250703\SM001_20250702_212902.wav,audio,audio_clip,TW05-SM01,0.5587735772132874,Lithobates catesbeianus_American Bullfrog,0.5587735772132874,231.0,234.0
2025-06-30 20:25:07,TW05-SM01,thewilds_bioacousticmonitors_full\TW05-SM01\SD01_20250630_20250703\SM001_20250702_212902.wav,audio,audio_clip,TW05-SM01,0.5587735772132874,Lithobates catesbeianus_American Bullfrog,0.5587735772132874,231.0,234.0
2025-06-30 20:25:07,TW05-SM01,thewilds_bioacousticmonitors_full\TW05-SM01\SD01_20250630_20250703\SM001_20250703_052902.wav,audio,audio_clip,TW05-SM01,0.9453533291816713,Turdus migratorius_American Robin,0.9453533291816713,153.0,156.0
2025-06-30 20:25:07,TW05-SM01,thewilds_bioacousticmonitors_full\TW05-SM01\SD01_20250630_20250703\SM001_20250703_052902.wav,audio,audio_clip,TW05-SM01,0.9453533291816713,Turdus migratorius_American Robin,0.9453533291816713,153.0,156.0
2025-06-30 20:25:07,TW05-SM01,thewilds_bioacousticmonitors_full\TW05-SM01\SD01_20250630_20250703\SM001_20250703_052902.wav,audio,audio_clip,TW05-SM01,0.9453533291816713,Turdus migratorius_American Robin,0.9453533291816713,153.0,156.0
2025-06-30 20:25:07,TW05-SM01,thewilds_bioacousticmonitors_full\TW05-SM01\SD01_20250630_20250703\SM001_20250703_064402.wav,audio,audio_clip,TW05-SM01,0.3262003362178802,Colinus virginianus_Northern Bobwhite,0.3262003362178802,234.0,237.0
2025-06-30 20:25:07,TW05-SM01,thewilds_bioacousticmonitors_full\TW05-SM01\SD01_20250630_20250703\SM001_20250703_064402.wav,audio,audio_clip,TW05-SM01,0.3262003362178802,Colinus virginianus_Northern Bobwhite,0.3262003362178802,234.0,237.0
2025-06-30 20:25:07,TW05-SM01,thewilds_bioacousticmonitors_full\TW05-SM01\SD01_20250630_20250703\SM001_20250703_064402.wav,audio,audio_clip,TW05-SM01,0.3262003362178802,Colinus virginianus_Northern Bobwhite,0.3262003362178802,234.0,237.0
2025-06-30 20:25:07,TW05-SM01,thewilds_bioacousticmonitors_full\TW05-SM01\SD01_20250630_20250703\SM001_20250630_205902.wav,audio,audio_clip,TW05-SM01,0.912765622138977,Geothlypis trichas_Common Yellowthroat,0.912765622138977,177.0,180.0
2025-06-30 20:25:07,TW05-SM01,thewilds_bioacousticmonitors_full\TW05-SM01\SD01_20250630_20250703\SM001_20250630_205902.wav,audio,audio_clip,TW05-SM01,0.912765622138977,Geothlypis trichas_Common Yellowthroat,0.912765622138977,177.0,180.0
2025-06-30 20:25:07,TW05-SM01,thewilds_bioacousticmonitors_full\TW05-SM01\SD01_20250630_20250703\SM001_20250630_205902.wav,audio,audio_clip,TW05-SM01,0.912765622138977,Geothlypis trichas_Common Yellowthroat,0.912765622138977,177.0,180.0
2025-06-30 20:25:07,TW07-SM02,thewilds_bioacousticmonitors_full\TW07-SM02\SD02_20250630_20250703\SM002_20250703_050400.wav,audio,audio_clip,TW07-SM02,0.9797207117080688,Sturnella magna_Eastern Meadowlark,0.9797207117080688,2637.0,2640.0
2025-06-30 20:25:07,TW05-SM01,thewilds_bioacousticmonitors_full\TW05-SM01\SD01_20250630_20250703\SM001_20250703_065402.wav,audio,audio_clip,TW05-SM01,0.6404953002929688,Turdus migratorius_American Robin,0.6404953002929688,30.0,33.0
2025-06-30 20:25:07,TW05-SM01,thewilds_bioacousticmonitors_full\TW05-SM01\SD01_20250630_20250703\SM001_20250630_201402.wav,audio,audio_clip,TW05-SM01,0.9810933470726012,Icteria virens_Yellow-breasted Chat,0.9810933470726012,9.0,12.0
2025-06-30 20:25:07,TW05-SM01,thewilds_bioacousticmonitors_full\TW05-SM01\SD01_20250630_20250703\SM001_20250702_054802.wav,audio,audio_clip,TW05-SM01,0.4364936947822571,Zenaida macroura_Mourning Dove,0.4364936947822571,51.0,54.0
2025-06-30 20:25:07,TW05-SM01,thewilds_bioacousticmonitors_full\TW05-SM01\SD01_20250630_20250703\SM001_20250701_055802.wav,audio,audio_clip,TW05-SM01,0.644809901714325,Geothlypis trichas_Common Yellowthroat,0.644809901714325,123.0,126.0
2025-06-30 20:25:07,TW05-SM01,thewilds_bioacousticmonitors_full\TW05-SM01\SD01_20250630_20250703\SM001_20250702_200902.wav,audio,audio_clip,TW05-SM01,0.9831058382987976,Charadrius vociferus_Killdeer,0.9831058382987976,297.0,297.99466666666666
2025-06-30 20:25:07,TW06-SM03,thewilds_bioacousticmonitors_full\TW06-SM03\SD03_20250630_20250703\SM03_20250702_070000.wav,audio,audio_clip,TW06-SM03,0.9620709419250488,Dolichonyx oryzivorus_Bobolink,0.9620709419250488,132.0,135.0
2025-06-30 20:25:07,TW06-SM03,thewilds_bioacousticmonitors_full\TW06-SM03\SD03_20250630_20250703\SM03_20250630_200000.wav,audio,audio_clip,TW06-SM03,0.983442485332489,Passerculus sandwichensis_Savannah Sparrow,0.983442485332489,72.0,75.0
2025-06-30 20:25:07,TW05-SM01,thewilds_bioacousticmonitors_full\TW05-SM01\SD01_20250630_20250703\SM001_20250701_062302.wav,audio,audio_clip,TW05-SM01,0.9175769686698914,Haliaeetus leucocephalus_Bald Eagle,0.9175769686698914,180.0,183.0
2025-06-30 20:25:07,TW06-SM03,thewilds_bioacousticmonitors_full\TW06-SM03\SD03_20250630_20250703\SM03_20250702_150000.wav,audio,audio_clip,TW06-SM03,0.9665342569351196,Hirundo rustica_Barn Swallow,0.9665342569351196,297.0,300.0
2025-06-30 20:25:07,TW05-SM01,thewilds_bioacousticmonitors_full\TW05-SM01\SD01_20250630_20250703\SM001_20250701_211402.wav,audio,audio_clip,TW05-SM01,0.9606614112854004,Turdus migratorius_American Robin,0.9606614112854004,294.0,297.0
2025-06-30 20:25:07,TW08-SM04,thewilds_bioacousticmonitors_full\TW08-SM04\SD04_20250630_20250703\SM04_20250630_160000.wav,audio,audio_clip,TW08-SM04,0.1413113921880722,Spinus spinus_Eurasian Siskin,0.1413113921880722,75.0,78.0
2025-06-30 20:25:07,TW05-SM01,thewilds_bioacousticmonitors_full\TW05-SM01\SD01_20250630_20250703\SM001_20250630_214902.wav,audio,audio_clip,TW05-SM01,0.9518969655036926,Megascops asio_Eastern Screech-Owl,0.9518969655036926,255.0,258.0
2025-06-30 20:25:07,TW05-SM01,thewilds_bioacousticmonitors_full\TW05-SM01\SD01_20250630_20250703\SM001_20250703_061902.wav,audio,audio_clip,TW05-SM01,0.4736799597740173,Lophodytes cucullatus_Hooded Merganser,0.4736799597740173,3.0,6.0
2025-06-30 20:25:07,TW08-SM04,thewilds_bioacousticmonitors_full\TW08-SM04\SD04_20250630_20250703\SM04_20250703_070000.wav,audio,audio_clip,TW08-SM04,0.6815640330314636,Columbina passerina_Common Ground Dove,0.6815640330314636,99.0,102.0
2025-06-30 20:25:07,TW06-SM03,thewilds_bioacousticmonitors_full\TW06-SM03\SD03_20250630_20250703\SM03_20250701_220000.wav,audio,audio_clip,TW06-SM03,0.944792091846466,Phoenicopterus roseus_Greater Flamingo,0.944792091846466,162.0,165.0
2025-06-30 20:25:07,TW05-SM01,thewilds_bioacousticmonitors_full\TW05-SM01\SD01_20250630_20250703\SM001_20250701_200402.wav,audio,audio_clip,TW05-SM01,0.8440513014793396,Coccyzus americanus_Yellow-billed Cuckoo,0.8440513014793396,9.0,12.0
2025-06-30 20:25:07,TW06-SM03,thewilds_bioacousticmonitors_full\TW06-SM03\SD03_20250630_20250703\SM03_20250702_160000.wav,audio,audio_clip,TW06-SM03,0.995025098323822,Passerculus sandwichensis_Savannah Sparrow,0.995025098323822,87.0,90.0
2025-06-30 20:25:07,TW08-SM04,thewilds_bioacousticmonitors_full\TW08-SM04\SD04_20250630_20250703\SM04_20250703_050000.wav,audio,audio_clip,TW08-SM04,0.9104808568954468,Ammodramus savannarum_Grasshopper Sparrow,0.9104808568954468,180.0,183.0
2025-06-30 20:25:07,TW08-SM04,thewilds_bioacousticmonitors_full\TW08-SM04\SD04_20250630_20250703\SM04_20250703_110000.wav,audio,audio_clip,TW08-SM04,0.9194900393486024,Engine_Engine,0.9194900393486024,216.0,219.0
2025-06-30 20:25:07,TW06-SM03,thewilds_bioacousticmonitors_full\TW06-SM03\SD03_20250630_20250703\SM03_20250701_180000.wav,audio,audio_clip,TW06-SM03,0.8570347428321838,Passerculus sandwichensis_Savannah Sparrow,0.8570347428321838,201.0,204.0
2025-06-30 20:25:07,TW05-SM01,thewilds_bioacousticmonitors_full\TW05-SM01\SD01_20250630_20250703\SM001_20250702_210902.wav,audio,audio_clip,TW05-SM01,0.9048240780830384,Turdus migratorius_American Robin,0.9048240780830384,75.0,78.0
2025-06-30 20:25:07,TW05-SM01,thewilds_bioacousticmonitors_full\TW05-SM01\SD01_20250630_20250703\SM001_20250702_053802.wav,audio,audio_clip,TW05-SM01,0.5339511036872864,Tachyphonus coronatus_Ruby-crowned Tanager,0.5339511036872864,81.0,84.0
2025-06-30 20:25:07,TW08-SM04,thewilds_bioacousticmonitors_full\TW08-SM04\SD04_20250630_20250703\SM04_20250702_180000.wav,audio,audio_clip,TW08-SM04,0.5508858561515808,Icterus spurius_Orchard Oriole,0.5508858561515808,168.0,171.0
2025-06-30 20:25:07,TW06-SM03,thewilds_bioacousticmonitors_full\TW06-SM03\SD03_20250630_20250703\SM03_20250701_200000.wav,audio,audio_clip,TW06-SM03,0.932038962841034,Passerculus sandwichensis_Savannah Sparrow,0.932038962841034,102.0,105.0
2025-06-30 20:25:07,TW08-SM04,thewilds_bioacousticmonitors_full\TW08-SM04\SD04_20250630_20250703\SM04_20250703_080000.wav,audio,audio_clip,TW08-SM04,0.8470427989959717,Turdus migratorius_American Robin,0.8470427989959717,126.0,129.0
2025-06-30 20:25:07,TW06-SM03,thewilds_bioacousticmonitors_full\TW06-SM03\SD03_20250630_20250703\SM03_20250702_050000.wav,audio,audio_clip,TW06-SM03,0.8728832602500916,Hirundo rustica_Barn Swallow,0.8728832602500916,21.0,24.0
2025-06-30 20:25:07,TW05-SM01,thewilds_bioacousticmonitors_full\TW05-SM01\SD01_20250630_20250703\SM001_20250701_202902.wav,audio,audio_clip,TW05-SM01,0.5303423404693604,Zenaida macroura_Mourning Dove,0.5303423404693604,27.0,30.0
