image_path,filename,subset
thewilds_cameratraps_full\TW03-CT01\SD01_20250630_20250703\images\103MEDIA\NSCF0001_250701033501_0591.JPG,NSCF0001_250701033501_0591.JPG,benchmark_500
thewilds_cameratraps_full\TW01-CT02\SD02_20250630_20250703\images\NSCF0002_250701010401_0137.JPG,NSCF0002_250701010401_0137.JPG,benchmark_500
thewilds_cameratraps_full\TW01-CT02\SD02_20250630_20250703\images\NSCF0002_250630153502_0828.JPG,NSCF0002_250630153502_0828.JPG,benchmark_500
thewilds_cameratraps_full\TW03-CT01\SD01_20250630_20250703\images\105MEDIA\NSCF0001_250701124401_0831.JPG,NSCF0001_250701124401_0831.JPG,benchmark_500
thewilds_cameratraps_full\TW01-CT02\SD02_20250630_20250703\images\NSCF0002_250701202101_0837.JPG,NSCF0002_250701202101_0837.JPG,benchmark_500
thewilds_cameratraps_full\TW01-CT02\SD02_20250630_20250703\images\NSCF0002_250701163202_0910.JPG,NSCF0002_250701163202_0910.JPG,benchmark_500
thewilds_cameratraps_full\TW01-CT02\SD02_20250630_20250703\images\NSCF0002_250701142401_0393.JPG,NSCF0002_250701142401_0393.JPG,benchmark_500
thewilds_cameratraps_full\TW01-CT02\SD02_20250630_20250703\images\NSCF0002_250701043401_0982.JPG,NSCF0002_250701043401_0982.JPG,benchmark_500
thewilds_cameratraps_full\TW03-CT01\SD01_20250630_20250703\images\105MEDIA\NSCF0001_250701121755_0720.JPG,NSCF0001_250701121755_0720.JPG,benchmark_500
thewilds_cameratraps_full\TW01-CT02\SD02_20250630_20250703\images\NSCF0002_250701000001_0881.JPG,NSCF0002_250701000001_0881.JPG,benchmark_500
thewilds_cameratraps_full\TW03-CT01\SD01_20250630_20250703\images\104MEDIA\NSCF0001_250701065901_0407.JPG,NSCF0001_250701065901_0407.JPG,benchmark_500
thewilds_cameratraps_full\TW03-CT01\SD01_20250630_20250703\images\105MEDIA\NSCF0001_250701123901_0812.JPG,NSCF0001_250701123901_0812.JPG,benchmark_500
thewilds_cameratraps_full\TW04-CT04\SD04_20250630_20250704\DSCF0279.JPG,DSCF0279.JPG,benchmark_500
thewilds_cameratraps_full\TW03-CT01\SD01_20250630_20250703\images\101MEDIA\NSCF0001_250630190102_0529.JPG,NSCF0001_250630190102_0529.JPG,benchmark_500
thewilds_cameratraps_full\TW01-CT02\SD02_20250630_20250703\images\NSCF0002_250630223502_0541.JPG,NSCF0002_250630223502_0541.JPG,benchmark_500
thewilds_cameratraps_full\TW03-CT01\SD01_20250630_20250703\images\102MEDIA\NSCF0001_250630230801_0520.JPG,NSCF0001_250630230801_0520.JPG,benchmark_500
thewilds_cameratraps_full\TW01-CT02\SD02_20250630_20250703\images_1\NSCF0002_250701112802_0688.JPG,NSCF0002_250701112802_0688.JPG,benchmark_500
thewilds_cameratraps_full\TW01-CT02\SD02_20250630_20250703\images\NSCF0002_250630163101_0056.JPG,NSCF0002_250630163101_0056.JPG,benchmark_500
thewilds_cameratraps_full\TW01-CT02\SD02_20250630_20250703\images\NSCF0002_250630161402_0984.JPG,NSCF0002_250630161402_0984.JPG,benchmark_500
thewilds_cameratraps_full\TW01-CT02\SD02_20250630_20250703\images\NSCF0002_250630231202_0689.JPG,NSCF0002_250630231202_0689.JPG,benchmark_500
thewilds_cameratraps_full\TW01-CT02\SD02_20250630_20250703\images\NSCF0002_250701135902_0293.JPG,NSCF0002_250701135902_0293.JPG,benchmark_500
thewilds_cameratraps_full\TW01-CT02\SD02_20250630_20250703\images\NSCF0002_250701151402_0598.JPG,NSCF0002_250701151402_0598.JPG,benchmark_500
thewilds_cameratraps_full\TW03-CT01\SD01_20250630_20250703\images\100MEDIA\NSCF0001_250630152501_0654.JPG,NSCF0001_250630152501_0654.JPG,benchmark_500
thewilds_cameratraps_full\TW03-CT01\SD01_20250630_20250703\images\102MEDIA\NSCF0001_250701001101_0773.JPG,NSCF0001_250701001101_0773.JPG,benchmark_500
thewilds_cameratraps_full\TW01-CT02\SD02_20250630_20250703\images\NSCF0002_250630154702_0876.JPG,NSCF0002_250630154702_0876.JPG,benchmark_500
thewilds_cameratraps_full\TW03-CT01\SD01_20250630_20250703\images\101MEDIA\NSCF0001_250630202901_0880.JPG,NSCF0001_250630202901_0880.JPG,benchmark_500
thewilds_cameratraps_full\TW01-CT02\SD02_20250630_20250703\images\NSCF0002_250701115701_0803.JPG,NSCF0002_250701115701_0803.JPG,benchmark_500
thewilds_cameratraps_full\TW03-CT01\SD01_20250630_20250703\images\105MEDIA\NSCF0001_250701103302_0273.JPG,NSCF0001_250701103302_0273.JPG,benchmark_500
thewilds_cameratraps_full\TW03-CT01\SD01_20250630_20250703\images\103MEDIA\NSCF0001_250701043201_0819.JPG,NSCF0001_250701043201_0819.JPG,benchmark_500
thewilds_cameratraps_full\TW03-CT01\SD01_20250630_20250703\images\104MEDIA\NSCF0001_250701091501_0951.JPG,NSCF0001_250701091501_0951.JPG,benchmark_500
thewilds_cameratraps_full\TW03-CT01\SD01_20250630_20250703\images\101MEDIA\NSCF0001_250630185901_0520.JPG,NSCF0001_250630185901_0520.JPG,benchmark_500
thewilds_cameratraps_full\TW01-CT02\SD02_20250630_20250703\images_1\NSCF0002_250701104702_0525.JPG,NSCF0002_250701104702_0525.JPG,benchmark_500
thewilds_cameratraps_full\TW01-CT02\SD02_20250630_20250703\images\NSCF0002_250701140901_0332.JPG,NSCF0002_250701140901_0332.JPG,benchmark_500
thewilds_cameratraps_full\TW01-CT02\SD02_20250630_20250703\images_1\NSCF0002_250701224000_0418.JPG,NSCF0002_250701224000_0418.JPG,benchmark_500
thewilds_cameratraps_full\TW03-CT01\SD01_20250630_20250703\images\102MEDIA\NSCF0001_250630230101_0493.JPG,NSCF0001_250630230101_0493.JPG,benchmark_500
thewilds_cameratraps_full\TW01-CT02\SD02_20250630_20250703\images\NSCF0002_250701204501_0934.JPG,NSCF0002_250701204501_0934.JPG,benchmark_500
thewilds_cameratraps_full\TW03-CT01\SD01_20250630_20250703\images\107MEDIA\NSCF0001_250701184801_0318.JPG,NSCF0001_250701184801_0318.JPG,benchmark_500
thewilds_cameratraps_full\TW03-CT01\SD01_20250630_20250703\images\108MEDIA\NSCF0001_250701233501_0627.JPG,NSCF0001_250701233501_0627.JPG,benchmark_500
thewilds_cameratraps_full\TW01-CT02\SD02_20250630_20250703\images\NSCF0002_250630130202_0208.JPG,NSCF0002_250630130202_0208.JPG,benchmark_500
thewilds_cameratraps_full\TW03-CT01\SD01_20250630_20250703\images\106MEDIA\NSCF0001_250701141801_0209.JPG,NSCF0001_250701141801_0209.JPG,benchmark_500
thewilds_cameratraps_full\TW03-CT01\SD01_20250630_20250703\images\107MEDIA\NSCF0001_250701182802_0239.JPG,NSCF0001_250701182802_0239.JPG,benchmark_500
thewilds_cameratraps_full\TW01-CT02\SD02_20250630_20250703\images\NSCF0002_250701063701_0479.JPG,NSCF0002_250701063701_0479.JPG,benchmark_500
thewilds_cameratraps_full\TW03-CT01\SD01_20250630_20250703\images\104MEDIA\NSCF0001_250701085801_0882.JPG,NSCF0001_250701085801_0882.JPG,benchmark_500
thewilds_cameratraps_full\TW01-CT02\SD02_20250630_20250703\images_1\NSCF0002_250701114201_0744.JPG,NSCF0002_250701114201_0744.JPG,benchmark_500
thewilds_cameratraps_full\TW01-CT02\SD02_20250630_20250703\images\NSCF0002_250702043201_0874.JPG,NSCF0002_250702043201_0874.JPG,benchmark_500
thewilds_cameratraps_full\TW01-CT02\SD02_20250630_20250703\images\NSCF0002_250701204301_0925.JPG,NSCF0002_250701204301_0925.JPG,benchmark_500
thewilds_cameratraps_full\TW01-CT02\SD02_20250630_20250703\images\NSCF0002_250701060702_0355.JPG,NSCF0002_250701060702_0355.JPG,benchmark_500
thewilds_cameratraps_full\TW01-CT02\SD02_20250630_20250703\images\NSCF0002_250701134101_0220.JPG,NSCF0002_250701134101_0220.JPG,benchmark_500
thewilds_cameratraps_full\TW03-CT01\SD01_20250630_20250703\images\106MEDIA\NSCF0001_250701144401_0312.JPG,NSCF0001_250701144401_0312.JPG,benchmark_500
thewilds_cameratraps_full\TW01-CT02\SD02_20250630_20250703\images\NSCF0002_250702041201_0794.JPG,NSCF0002_250702041201_0794.JPG,benchmark_500
thewilds_cameratraps_full\TW01-CT02\SD02_20250630_20250703\images\NSCF0002_250630235802_0874.JPG,NSCF0002_250630235802_0874.JPG,benchmark_500
thewilds_cameratraps_full\TW01-CT02\SD02_20250630_20250703\images\NSCF0002_250630230701_0668.JPG,NSCF0002_250630230701_0668.JPG,benchmark_500
thewilds_cameratraps_full\TW01-CT02\SD02_20250630_20250703\images_1\NSCF0002_250630181502_0477.JPG,NSCF0002_250630181502_0477.JPG,benchmark_500
thewilds_cameratraps_full\TW01-CT02\SD02_20250630_20250703\images\NSCF0002_250630232802_0754.JPG,NSCF0002_250630232802_0754.JPG,benchmark_500
thewilds_cameratraps_full\TW01-CT02\SD02_20250630_20250703\images_1\NSCF0002_250630124301_0123.JPG,NSCF0002_250630124301_0123.JPG,benchmark_500
thewilds_cameratraps_full\TW03-CT01\SD01_20250630_20250703\images\108MEDIA\NSCF0001_250701220039_0151.JPG,NSCF0001_250701220039_0151.JPG,benchmark_500
thewilds_cameratraps_full\TW01-CT02\SD02_20250630_20250703\images\NSCF0002_250702045601_0968.JPG,NSCF0002_250702045601_0968.JPG,benchmark_500
thewilds_cameratraps_full\TW03-CT01\SD01_20250630_20250703\images\102MEDIA\NSCF0001_250701002001_0810.JPG,NSCF0001_250701002001_0810.JPG,benchmark_500
thewilds_cameratraps_full\TW01-CT02\SD02_20250630_20250703\images\NSCF0002_250701185801_0497.JPG,NSCF0002_250701185801_0497.JPG,benchmark_500
thewilds_cameratraps_full\TW03-CT01\SD01_20250630_20250703\images\107MEDIA\NSCF0001_250701183502_0267.JPG,NSCF0001_250701183502_0267.JPG,benchmark_500
thewilds_cameratraps_full\TW01-CT02\SD02_20250630_20250703\images\NSCF0002_250630180301_0428.JPG,NSCF0002_250630180301_0428.JPG,benchmark_500
thewilds_cameratraps_full\TW03-CT01\SD01_20250630_20250703\images\105MEDIA\NSCF0001_250701114301_0572.JPG,NSCF0001_250701114301_0572.JPG,benchmark_500
thewilds_cameratraps_full\TW01-CT02\SD02_20250630_20250703\images_1\NSCF0002_250702011201_0066.JPG,NSCF0002_250702011201_0066.JPG,benchmark_500
thewilds_cameratraps_full\TW03-CT01\SD01_20250630_20250703\images\101MEDIA\NSCF0001_250630181102_0329.JPG,NSCF0001_250630181102_0329.JPG,benchmark_500
thewilds_cameratraps_full\TW01-CT02\SD02_20250630_20250703\images\NSCF0002_250701024701_0554.JPG,NSCF0002_250701024701_0554.JPG,benchmark_500
thewilds_cameratraps_full\TW01-CT02\SD02_20250630_20250703\images_1\NSCF0002_250630175002_0373.JPG,NSCF0002_250630175002_0373.JPG,benchmark_500
thewilds_cameratraps_full\TW01-CT02\SD02_20250630_20250703\images\NSCF0002_250630215117_0364.JPG,NSCF0002_250630215117_0364.JPG,benchmark_500
thewilds_cameratraps_full\TW03-CT01\SD01_20250630_20250703\images\101MEDIA\NSCF0001_250630193901_0679.JPG,NSCF0001_250630193901_0679.JPG,benchmark_500
thewilds_cameratraps_full\TW01-CT02\SD02_20250630_20250703\images\NSCF0002_250701224203_0428.JPG,NSCF0002_250701224203_0428.JPG,benchmark_500
thewilds_cameratraps_full\TW03-CT01\SD01_20250630_20250703\images\107MEDIA\NSCF0001_250701203701_0754.JPG,NSCF0001_250701203701_0754.JPG,benchmark_500
thewilds_cameratraps_full\TW03-CT01\SD01_20250630_20250703\images\103MEDIA\NSCF0001_250701023601_0355.JPG,NSCF0001_250701023601_0355.JPG,benchmark_500
thewilds_cameratraps_full\TW03-CT01\SD01_20250630_20250703\images\103MEDIA\NSCF0001_250701014101_0134.JPG,NSCF0001_250701014101_0134.JPG,benchmark_500
thewilds_cameratraps_full\TW03-CT01\SD01_20250630_20250703\images\108MEDIA\NSCF0001_250702010301_0980.JPG,NSCF0001_250702010301_0980.JPG,benchmark_500
thewilds_cameratraps_full\TW03-CT01\SD01_20250630_20250703\images\108MEDIA\NSCF0001_250701225554_0462.JPG,NSCF0001_250701225554_0462.JPG,benchmark_500
thewilds_cameratraps_full\TW01-CT02\SD02_20250630_20250703\images_1\NSCF0002_250630132824_0316.JPG,NSCF0002_250630132824_0316.JPG,benchmark_500
thewilds_cameratraps_full\TW03-CT01\SD01_20250630_20250703\images\102MEDIA\NSCF0001_250630215701_0233.JPG,NSCF0001_250630215701_0233.JPG,benchmark_500
thewilds_cameratraps_full\TW01-CT02\SD02_20250630_20250703\images\NSCF0002_250701110302_0589.JPG,NSCF0002_250701110302_0589.JPG,benchmark_500
thewilds_cameratraps_full\TW03-CT01\SD01_20250630_20250703\images\105MEDIA\NSCF0001_250701093201_0023.JPG,NSCF0001_250701093201_0023.JPG,benchmark_500
thewilds_cameratraps_full\TW01-CT02\SD02_20250630_20250703\images\NSCF0002_250630210102_0161.JPG,NSCF0002_250630210102_0161.JPG,benchmark_500
thewilds_cameratraps_full\TW01-CT02\SD02_20250630_20250703\images\NSCF0002_250630182101_0501.JPG,NSCF0002_250630182101_0501.JPG,benchmark_500
thewilds_cameratraps_full\TW03-CT01\SD01_20250630_20250703\images\104MEDIA\NSCF0001_250701053501_0070.JPG,NSCF0001_250701053501_0070.JPG,benchmark_500
thewilds_cameratraps_full\TW01-CT02\SD02_20250630_20250703\images\NSCF0002_250701144902_0494.JPG,NSCF0002_250701144902_0494.JPG,benchmark_500
thewilds_cameratraps_full\TW03-CT01\SD01_20250630_20250703\images\106MEDIA\NSCF0001_250701153601_0520.JPG,NSCF0001_250701153601_0520.JPG,benchmark_500
thewilds_cameratraps_full\TW01-CT02\SD02_20250630_20250703\images\NSCF0002_250701221202_0308.JPG,NSCF0002_250701221202_0308.JPG,benchmark_500
thewilds_cameratraps_full\TW01-CT02\SD02_20250630_20250703\images\NSCF0002_250630215602_0385.JPG,NSCF0002_250630215602_0385.JPG,benchmark_500
thewilds_cameratraps_full\TW03-CT01\SD01_20250630_20250703\images\108MEDIA\NSCF0001_250701222301_0322.JPG,NSCF0001_250701222301_0322.JPG,benchmark_500
thewilds_cameratraps_full\TW01-CT02\SD02_20250630_20250703\images\NSCF0002_250701151502_0602.JPG,NSCF0002_250701151502_0602.JPG,benchmark_500
thewilds_cameratraps_full\TW03-CT01\SD01_20250630_20250703\images\108MEDIA\NSCF0001_250701232001_0566.JPG,NSCF0001_250701232001_0566.JPG,benchmark_500
thewilds_cameratraps_full\TW01-CT02\SD02_20250630_20250703\images\NSCF0002_250630235201_0848.JPG,NSCF0002_250630235201_0848.JPG,benchmark_500
thewilds_cameratraps_full\TW01-CT02\SD02_20250630_20250703\images_1\NSCF0002_250630182201_0504.JPG,NSCF0002_250630182201_0504.JPG,benchmark_500
thewilds_cameratraps_full\TW01-CT02\SD02_20250630_20250703\images\NSCF0002_250701204301_0927.JPG,NSCF0002_250701204301_0927.JPG,benchmark_500
thewilds_cameratraps_full\TW01-CT02\SD02_20250630_20250703\images_1\NSCF0002_250701234602_0688.JPG,NSCF0002_250701234602_0688.JPG,benchmark_500
thewilds_cameratraps_full\TW03-CT01\SD01_20250630_20250703\images\103MEDIA\NSCF0001_250701031501_0510.JPG,NSCF0001_250701031501_0510.JPG,benchmark_500
thewilds_cameratraps_full\TW03-CT01\SD01_20250630_20250703\images\107MEDIA\NSCF0001_250701210301_0858.JPG,NSCF0001_250701210301_0858.JPG,benchmark_500
thewilds_cameratraps_full\TW01-CT02\SD02_20250630_20250703\images_1\NSCF0002_250630141401_0498.JPG,NSCF0002_250630141401_0498.JPG,benchmark_500
thewilds_cameratraps_full\TW01-CT02\SD02_20250630_20250703\images\NSCF0002_250701070401_0586.JPG,NSCF0002_250701070401_0586.JPG,benchmark_500
thewilds_cameratraps_full\TW01-CT02\SD02_20250630_20250703\images_1\NSCF0002_250630153701_0834.JPG,NSCF0002_250630153701_0834.JPG,benchmark_500
thewilds_cameratraps_full\TW01-CT02\SD02_20250630_20250703\images\NSCF0002_250702062601_0342.JPG,NSCF0002_250702062601_0342.JPG,benchmark_500
thewilds_cameratraps_full\TW01-CT02\SD02_20250630_20250703\images\NSCF0002_250701130901_0093.JPG,NSCF0002_250701130901_0093.JPG,benchmark_500
thewilds_cameratraps_full\TW03-CT01\SD01_20250630_20250703\images\104MEDIA\NSCF0001_250701062302_0264.JPG,NSCF0001_250701062302_0264.JPG,benchmark_500
thewilds_cameratraps_full\TW01-CT02\SD02_20250630_20250703\images\NSCF0002_250701191802_0579.JPG,NSCF0002_250701191802_0579.JPG,benchmark_500
thewilds_cameratraps_full\TW03-CT01\SD01_20250630_20250703\images\104MEDIA\NSCF0001_250701091758_0962.JPG,NSCF0001_250701091758_0962.JPG,benchmark_500
thewilds_cameratraps_full\TW03-CT01\SD01_20250630_20250703\images\104MEDIA\NSCF0001_250701073701_0558.JPG,NSCF0001_250701073701_0558.JPG,benchmark_500
thewilds_cameratraps_full\TW03-CT01\SD01_20250630_20250703\images\103MEDIA\NSCF0001_250701042201_0779.JPG,NSCF0001_250701042201_0779.JPG,benchmark_500
thewilds_cameratraps_full\TW01-CT02\SD02_20250630_20250703\images\NSCF0002_250630211102_0201.JPG,NSCF0002_250630211102_0201.JPG,benchmark_500
thewilds_cameratraps_full\TW03-CT01\SD01_20250630_20250703\images\102MEDIA\NSCF0001_250701005001_0929.JPG,NSCF0001_250701005001_0929.JPG,benchmark_500
thewilds_cameratraps_full\TW03-CT01\SD01_20250630_20250703\images\103MEDIA\NSCF0001_250701031101_0494.JPG,NSCF0001_250701031101_0494.JPG,benchmark_500
thewilds_cameratraps_full\TW01-CT02\SD02_20250630_20250703\images\NSCF0002_250701081402_0868.JPG,NSCF0002_250701081402_0868.JPG,benchmark_500
thewilds_cameratraps_full\TW03-CT01\SD01_20250630_20250703\images\101MEDIA\NSCF0001_250630180001_0284.JPG,NSCF0001_250630180001_0284.JPG,benchmark_500
thewilds_cameratraps_full\TW03-CT01\SD01_20250630_20250703\images\105MEDIA\NSCF0001_250701114001_0560.JPG,NSCF0001_250701114001_0560.JPG,benchmark_500
thewilds_cameratraps_full\TW01-CT02\SD02_20250630_20250703\images\NSCF0002_250701163101_0905.JPG,NSCF0002_250701163101_0905.JPG,benchmark_500
thewilds_cameratraps_full\TW01-CT02\SD02_20250630_20250703\images\NSCF0002_250701070901_0607.JPG,NSCF0002_250701070901_0607.JPG,benchmark_500
thewilds_cameratraps_full\TW01-CT02\SD02_20250630_20250703\images_1\NSCF0002_250702015401_0237.JPG,NSCF0002_250702015401_0237.JPG,benchmark_500
thewilds_cameratraps_full\TW01-CT02\SD02_20250630_20250703\images_1\NSCF0002_250630180801_0447.JPG,NSCF0002_250630180801_0447.JPG,benchmark_500
thewilds_cameratraps_full\TW01-CT02\SD02_20250630_20250703\images\NSCF0002_250701194301_0678.JPG,NSCF0002_250701194301_0678.JPG,benchmark_500
thewilds_cameratraps_full\TW03-CT01\SD01_20250630_20250703\images\103MEDIA\NSCF0001_250701033801_0603.JPG,NSCF0001_250701033801_0603.JPG,benchmark_500
thewilds_cameratraps_full\TW03-CT01\SD01_20250630_20250703\images\104MEDIA\NSCF0001_250701080201_0658.JPG,NSCF0001_250701080201_0658.JPG,benchmark_500
thewilds_cameratraps_full\TW03-CT01\SD01_20250630_20250703\images\101MEDIA\NSCF0001_250630200601_0787.JPG,NSCF0001_250630200601_0787.JPG,benchmark_500
thewilds_cameratraps_full\TW01-CT02\SD02_20250630_20250703\images\NSCF0002_250701140402_0314.JPG,NSCF0002_250701140402_0314.JPG,benchmark_500
thewilds_cameratraps_full\TW03-CT01\SD01_20250630_20250703\images\104MEDIA\NSCF0001_250701074202_0580.JPG,NSCF0001_250701074202_0580.JPG,benchmark_500
thewilds_cameratraps_full\TW01-CT02\SD02_20250630_20250703\images\NSCF0002_250702024801_0455.JPG,NSCF0002_250702024801_0455.JPG,benchmark_500
thewilds_cameratraps_full\TW03-CT01\SD01_20250630_20250703\images\108MEDIA\NSCF0001_250701214101_0050.JPG,NSCF0001_250701214101_0050.JPG,benchmark_500
thewilds_cameratraps_full\TW03-CT01\SD01_20250630_20250703\images\106MEDIA\NSCF0001_250701151001_0417.JPG,NSCF0001_250701151001_0417.JPG,benchmark_500
thewilds_cameratraps_full\TW03-CT01\SD01_20250630_20250703\images\106MEDIA\NSCF0001_250701155001_0585.JPG,NSCF0001_250701155001_0585.JPG,benchmark_500
thewilds_cameratraps_full\TW01-CT02\SD02_20250630_20250703\images\NSCF0002_250630193702_0805.JPG,NSCF0002_250630193702_0805.JPG,benchmark_500
thewilds_cameratraps_full\TW01-CT02\SD02_20250630_20250703\images\NSCF0002_250701145601_0520.JPG,NSCF0002_250701145601_0520.JPG,benchmark_500
thewilds_cameratraps_full\TW03-CT01\SD01_20250630_20250703\images\107MEDIA\NSCF0001_250701195601_0589.JPG,NSCF0001_250701195601_0589.JPG,benchmark_500
thewilds_cameratraps_full\TW01-CT02\SD02_20250630_20250703\images\NSCF0002_250630163401_0068.JPG,NSCF0002_250630163401_0068.JPG,benchmark_500
thewilds_cameratraps_full\TW03-CT01\SD01_20250630_20250703\images\107MEDIA\NSCF0001_250701182401_0222.JPG,NSCF0001_250701182401_0222.JPG,benchmark_500
thewilds_cameratraps_full\TW01-CT02\SD02_20250630_20250703\images\NSCF0002_250702013801_0174.JPG,NSCF0002_250702013801_0174.JPG,benchmark_500
thewilds_cameratraps_full\TW01-CT02\SD02_20250630_20250703\images_1\NSCF0002_250701061202_0376.JPG,NSCF0002_250701061202_0376.JPG,benchmark_500
thewilds_cameratraps_full\TW01-CT02\SD02_20250630_20250703\images\NSCF0002_250701192401_0601.JPG,NSCF0002_250701192401_0601.JPG,benchmark_500
thewilds_cameratraps_full\TW01-CT02\SD02_20250630_20250703\images\NSCF0002_250630204501_0088.JPG,NSCF0002_250630204501_0088.JPG,benchmark_500
thewilds_cameratraps_full\TW01-CT02\SD02_20250630_20250703\images\NSCF0002_250701131701_0125.JPG,NSCF0002_250701131701_0125.JPG,benchmark_500
thewilds_cameratraps_full\TW04-CT04\SD04_20250630_20250704\DSCF0690.JPG,DSCF0690.JPG,benchmark_500
thewilds_cameratraps_full\TW03-CT01\SD01_20250630_20250703\images\102MEDIA\NSCF0001_250630210102_0010.JPG,NSCF0001_250630210102_0010.JPG,benchmark_500
thewilds_cameratraps_full\TW03-CT01\SD01_20250630_20250703\images\108MEDIA\NSCF0001_250702001401_0782.JPG,NSCF0001_250702001401_0782.JPG,benchmark_500
thewilds_cameratraps_full\TW03-CT01\SD01_20250630_20250703\images\105MEDIA\NSCF0001_250701104201_0315.JPG,NSCF0001_250701104201_0315.JPG,benchmark_500
thewilds_cameratraps_full\TW01-CT02\SD02_20250630_20250703\images\NSCF0002_250702013237_0149.JPG,NSCF0002_250702013237_0149.JPG,benchmark_500
thewilds_cameratraps_full\TW01-CT02\SD02_20250630_20250703\images\NSCF0002_250701132601_0161.JPG,NSCF0002_250701132601_0161.JPG,benchmark_500
thewilds_cameratraps_full\TW03-CT01\SD01_20250630_20250703\images\103MEDIA\NSCF0001_250701050301_0941.JPG,NSCF0001_250701050301_0941.JPG,benchmark_500
thewilds_cameratraps_full\TW03-CT01\SD01_20250630_20250703\images\100MEDIA\NSCF0001_250630145502_0520.JPG,NSCF0001_250630145502_0520.JPG,benchmark_500
thewilds_cameratraps_full\TW01-CT02\SD02_20250630_20250703\images_1\NSCF0002_250701030401_0621.JPG,NSCF0002_250701030401_0621.JPG,benchmark_500
thewilds_cameratraps_full\TW03-CT01\SD01_20250630_20250703\images\108MEDIA\NSCF0001_250702005901_0963.JPG,NSCF0001_250702005901_0963.JPG,benchmark_500
thewilds_cameratraps_full\TW04-CT04\SD04_20250630_20250704\DSCF0718.JPG,DSCF0718.JPG,benchmark_500
thewilds_cameratraps_full\TW03-CT01\SD01_20250630_20250703\images\103MEDIA\NSCF0001_250701035401_0666.JPG,NSCF0001_250701035401_0666.JPG,benchmark_500
thewilds_cameratraps_full\TW01-CT02\SD02_20250630_20250703\images_1\NSCF0002_250702010548_0035.JPG,NSCF0002_250702010548_0035.JPG,benchmark_500
thewilds_cameratraps_full\TW01-CT02\SD02_20250630_20250703\images\NSCF0002_250701045701_0075.JPG,NSCF0002_250701045701_0075.JPG,benchmark_500
thewilds_cameratraps_full\TW01-CT02\SD02_20250630_20250703\images\NSCF0002_250701190202_0514.JPG,NSCF0002_250701190202_0514.JPG,benchmark_500
thewilds_cameratraps_full\TW01-CT02\SD02_20250630_20250703\images\NSCF0002_250701043402_0983.JPG,NSCF0002_250701043402_0983.JPG,benchmark_500
thewilds_cameratraps_full\TW01-CT02\SD02_20250630_20250703\images\NSCF0002_250701164602_0966.JPG,NSCF0002_250701164602_0966.JPG,benchmark_500
thewilds_cameratraps_full\TW03-CT01\SD01_20250630_20250703\images\105MEDIA\NSCF0001_250701130202_0905.JPG,NSCF0001_250701130202_0905.JPG,benchmark_500
thewilds_cameratraps_full\TW03-CT01\SD01_20250630_20250703\images\101MEDIA\NSCF0001_250630203001_0883.JPG,NSCF0001_250630203001_0883.JPG,benchmark_500
thewilds_cameratraps_full\TW03-CT01\SD01_20250630_20250703\images\101MEDIA\NSCF0001_250630182602_0389.JPG,NSCF0001_250630182602_0389.JPG,benchmark_500
thewilds_cameratraps_full\TW01-CT02\SD02_20250630_20250703\images\NSCF0002_250701184301_0437.JPG,NSCF0002_250701184301_0437.JPG,benchmark_500
thewilds_cameratraps_full\TW03-CT01\SD01_20250630_20250703\images\105MEDIA\NSCF0001_250701131401_0951.JPG,NSCF0001_250701131401_0951.JPG,benchmark_500
thewilds_cameratraps_full\TW03-CT01\SD01_20250630_20250703\images\102MEDIA\NSCF0001_250630223601_0390.JPG,NSCF0001_250630223601_0390.JPG,benchmark_500
thewilds_cameratraps_full\TW01-CT02\SD02_20250630_20250703\images_1\NSCF0002_250701163602_0926.JPG,NSCF0002_250701163602_0926.JPG,benchmark_500
thewilds_cameratraps_full\TW04-CT04\SD04_20250630_20250704\DSCF0389.JPG,DSCF0389.JPG,benchmark_500
thewilds_cameratraps_full\TW03-CT01\SD01_20250630_20250703\images\102MEDIA\NSCF0001_250630223101_0368.JPG,NSCF0001_250630223101_0368.JPG,benchmark_500
thewilds_cameratraps_full\TW01-CT02\SD02_20250630_20250703\images_1\NSCF0002_250701035801_0838.JPG,NSCF0002_250701035801_0838.JPG,benchmark_500
thewilds_cameratraps_full\TW01-CT02\SD02_20250630_20250703\images_1\NSCF0002_250630133301_0334.JPG,NSCF0002_250630133301_0334.JPG,benchmark_500
thewilds_cameratraps_full\TW01-CT02\SD02_20250630_20250703\images\NSCF0002_250701140302_0308.JPG,NSCF0002_250701140302_0308.JPG,benchmark_500
thewilds_cameratraps_full\TW01-CT02\SD02_20250630_20250703\images\NSCF0002_250701042702_0955.JPG,NSCF0002_250701042702_0955.JPG,benchmark_500
thewilds_cameratraps_full\TW03-CT01\SD01_20250630_20250703\images\100MEDIA\NSCF0001_250630154801_0746.JPG,NSCF0001_250630154801_0746.JPG,benchmark_500
thewilds_cameratraps_full\TW03-CT01\SD01_20250630_20250703\images\100MEDIA\NSCF0001_250630142401_0395.JPG,NSCF0001_250630142401_0395.JPG,benchmark_500
thewilds_cameratraps_full\TW01-CT02\SD02_20250630_20250703\images\NSCF0002_250630225701_0628.JPG,NSCF0002_250630225701_0628.JPG,benchmark_500
thewilds_cameratraps_full\TW03-CT01\SD01_20250630_20250703\images\106MEDIA\NSCF0001_250701140102_0142.JPG,NSCF0001_250701140102_0142.JPG,benchmark_500
thewilds_cameratraps_full\TW01-CT02\SD02_20250630_20250703\images\NSCF0002_250630183001_0535.JPG,NSCF0002_250630183001_0535.JPG,benchmark_500
thewilds_cameratraps_full\TW03-CT01\SD01_20250630_20250703\images\108MEDIA\NSCF0001_250701225301_0448.JPG,NSCF0001_250701225301_0448.JPG,benchmark_500
thewilds_cameratraps_full\TW01-CT02\SD02_20250630_20250703\images\NSCF0002_250701004501_0062.JPG,NSCF0002_250701004501_0062.JPG,benchmark_500
thewilds_cameratraps_full\TW01-CT02\SD02_20250630_20250703\images\NSCF0002_250701055202_0294.JPG,NSCF0002_250701055202_0294.JPG,benchmark_500
thewilds_cameratraps_full\TW03-CT01\SD01_20250630_20250703\images\103MEDIA\NSCF0001_250701023001_0330.JPG,NSCF0001_250701023001_0330.JPG,benchmark_500
thewilds_cameratraps_full\TW01-CT02\SD02_20250630_20250703\images\NSCF0002_250701064002_0492.JPG,NSCF0002_250701064002_0492.JPG,benchmark_500
thewilds_cameratraps_full\TW03-CT01\SD01_20250630_20250703\images\106MEDIA\NSCF0001_250701171802_0938.JPG,NSCF0001_250701171802_0938.JPG,benchmark_500
thewilds_cameratraps_full\TW03-CT01\SD01_20250630_20250703\images\104MEDIA\NSCF0001_250701072001_0490.JPG,NSCF0001_250701072001_0490.JPG,benchmark_500
thewilds_cameratraps_full\TW01-CT02\SD02_20250630_20250703\images_1\NSCF0002_250701113201_0703.JPG,NSCF0002_250701113201_0703.JPG,benchmark_500
thewilds_cameratraps_full\TW03-CT01\SD01_20250630_20250703\images\102MEDIA\NSCF0001_250630234001_0650.JPG,NSCF0001_250630234001_0650.JPG,benchmark_500
thewilds_cameratraps_full\TW01-CT02\SD02_20250630_20250703\images\NSCF0002_250630203101_0029.JPG,NSCF0002_250630203101_0029.JPG,benchmark_500
thewilds_cameratraps_full\TW01-CT02\SD02_20250630_20250703\images_1\NSCF0002_250630195500_0875.JPG,NSCF0002_250630195500_0875.JPG,benchmark_500
thewilds_cameratraps_full\TW01-CT02\SD02_20250630_20250703\images_1\NSCF0002_250630185602_0641.JPG,NSCF0002_250630185602_0641.JPG,benchmark_500
thewilds_cameratraps_full\TW03-CT01\SD01_20250630_20250703\images\102MEDIA\NSCF0001_250630233801_0640.JPG,NSCF0001_250630233801_0640.JPG,benchmark_500
thewilds_cameratraps_full\TW01-CT02\SD02_20250630_20250703\images_1\NSCF0002_250702033001_0623.JPG,NSCF0002_250702033001_0623.JPG,benchmark_500
thewilds_cameratraps_full\TW03-CT01\SD01_20250630_20250703\images\101MEDIA\NSCF0001_250630173301_0175.JPG,NSCF0001_250630173301_0175.JPG,benchmark_500
thewilds_cameratraps_full\TW01-CT02\SD02_20250630_20250703\images\NSCF0002_250701171601_0085.JPG,NSCF0002_250701171601_0085.JPG,benchmark_500
thewilds_cameratraps_full\TW03-CT01\SD01_20250630_20250703\images\101MEDIA\NSCF0001_250630194502_0705.JPG,NSCF0001_250630194502_0705.JPG,benchmark_500
thewilds_cameratraps_full\TW03-CT01\SD01_20250630_20250703\images\108MEDIA\NSCF0001_250701225201_0442.JPG,NSCF0001_250701225201_0442.JPG,benchmark_500
thewilds_cameratraps_full\TW01-CT02\SD02_20250630_20250703\images\NSCF0002_250630134201_0370.JPG,NSCF0002_250630134201_0370.JPG,benchmark_500
thewilds_cameratraps_full\TW03-CT01\SD01_20250630_20250703\images\104MEDIA\NSCF0001_250701071802_0484.JPG,NSCF0001_250701071802_0484.JPG,benchmark_500
thewilds_cameratraps_full\TW03-CT01\SD01_20250630_20250703\images\105MEDIA\NSCF0001_250701105601_0376.JPG,NSCF0001_250701105601_0376.JPG,benchmark_500
thewilds_cameratraps_full\TW01-CT02\SD02_20250630_20250703\images\NSCF0002_250701013001_0241.JPG,NSCF0002_250701013001_0241.JPG,benchmark_500
thewilds_cameratraps_full\TW03-CT01\SD01_20250630_20250703\images\104MEDIA\NSCF0001_250701072602_0516.JPG,NSCF0001_250701072602_0516.JPG,benchmark_500
thewilds_cameratraps_full\TW03-CT01\SD01_20250630_20250703\images\108MEDIA\NSCF0001_250702010001_0966.JPG,NSCF0001_250702010001_0966.JPG,benchmark_500
thewilds_cameratraps_full\TW03-CT01\SD01_20250630_20250703\images\101MEDIA\NSCF0001_250630181502_0345.JPG,NSCF0001_250630181502_0345.JPG,benchmark_500
thewilds_cameratraps_full\TW03-CT01\SD01_20250630_20250703\images\106MEDIA\NSCF0001_250701133501_0036.JPG,NSCF0001_250701133501_0036.JPG,benchmark_500
thewilds_cameratraps_full\TW01-CT02\SD02_20250630_20250703\images\NSCF0002_250701191702_0575.JPG,NSCF0002_250701191702_0575.JPG,benchmark_500
thewilds_cameratraps_full\TW03-CT01\SD01_20250630_20250703\images\106MEDIA\NSCF0001_250701151102_0422.JPG,NSCF0001_250701151102_0422.JPG,benchmark_500
thewilds_cameratraps_full\TW03-CT01\SD01_20250630_20250703\images\103MEDIA\NSCF0001_250701034401_0625.JPG,NSCF0001_250701034401_0625.JPG,benchmark_500
thewilds_cameratraps_full\TW01-CT02\SD02_20250630_20250703\images\NSCF0002_250702043102_0872.JPG,NSCF0002_250702043102_0872.JPG,benchmark_500
thewilds_cameratraps_full\TW01-CT02\SD02_20250630_20250703\images\NSCF0002_250701010501_0141.JPG,NSCF0002_250701010501_0141.JPG,benchmark_500
thewilds_cameratraps_full\TW01-CT02\SD02_20250630_20250703\images\NSCF0002_250701224502_0440.JPG,NSCF0002_250701224502_0440.JPG,benchmark_500
thewilds_cameratraps_full\TW01-CT02\SD02_20250630_20250703\images_1\NSCF0002_250701184501_0445.JPG,NSCF0002_250701184501_0445.JPG,benchmark_500
thewilds_cameratraps_full\TW01-CT02\SD02_20250630_20250703\images\NSCF0002_250701062503_0427.JPG,NSCF0002_250701062503_0427.JPG,benchmark_500
thewilds_cameratraps_full\TW01-CT02\SD02_20250630_20250703\images_1\NSCF0002_250701235302_0716.JPG,NSCF0002_250701235302_0716.JPG,benchmark_500
thewilds_cameratraps_full\TW01-CT02\SD02_20250630_20250703\images\NSCF0002_250630123901_0106.JPG,NSCF0002_250630123901_0106.JPG,benchmark_500
thewilds_cameratraps_full\TW03-CT01\SD01_20250630_20250703\images\105MEDIA\NSCF0001_250701110302_0405.JPG,NSCF0001_250701110302_0405.JPG,benchmark_500
thewilds_cameratraps_full\TW03-CT01\SD01_20250630_20250703\images\108MEDIA\NSCF0001_250702001101_0770.JPG,NSCF0001_250702001101_0770.JPG,benchmark_500
thewilds_cameratraps_full\TW03-CT01\SD01_20250630_20250703\images\105MEDIA\NSCF0001_250701105102_0353.JPG,NSCF0001_250701105102_0353.JPG,benchmark_500
thewilds_cameratraps_full\TW01-CT02\SD02_20250630_20250703\images\NSCF0002_250701184902_0463.JPG,NSCF0002_250701184902_0463.JPG,benchmark_500
thewilds_cameratraps_full\TW03-CT01\SD01_20250630_20250703\images\100MEDIA\NSCF0001_250630150301_0550.JPG,NSCF0001_250630150301_0550.JPG,benchmark_500
thewilds_cameratraps_full\TW03-CT01\SD01_20250630_20250703\images\106MEDIA\NSCF0001_250701143502_0277.JPG,NSCF0001_250701143502_0277.JPG,benchmark_500
thewilds_cameratraps_full\TW01-CT02\SD02_20250630_20250703\images\NSCF0002_250701090801_0123.JPG,NSCF0002_250701090801_0123.JPG,benchmark_500
thewilds_cameratraps_full\TW03-CT01\SD01_20250630_20250703\images\100MEDIA\NSCF0001_250630153702_0704.JPG,NSCF0001_250630153702_0704.JPG,benchmark_500
thewilds_cameratraps_full\TW04-CT04\SD04_20250630_20250704\DSCF0681.JPG,DSCF0681.JPG,benchmark_500
thewilds_cameratraps_full\TW01-CT02\SD02_20250630_20250703\images\NSCF0002_250701002102_0966.JPG,NSCF0002_250701002102_0966.JPG,benchmark_500
thewilds_cameratraps_full\TW03-CT01\SD01_20250630_20250703\images\108MEDIA\NSCF0001_250701234201_0654.JPG,NSCF0001_250701234201_0654.JPG,benchmark_500
thewilds_cameratraps_full\TW03-CT01\SD01_20250630_20250703\images\103MEDIA\NSCF0001_250701021801_0282.JPG,NSCF0001_250701021801_0282.JPG,benchmark_500
thewilds_cameratraps_full\TW01-CT02\SD02_20250630_20250703\images\NSCF0002_250701232401_0598.JPG,NSCF0002_250701232401_0598.JPG,benchmark_500
thewilds_cameratraps_full\TW03-CT01\SD01_20250630_20250703\images\108MEDIA\NSCF0001_250701213707_0023.JPG,NSCF0001_250701213707_0023.JPG,benchmark_500
thewilds_cameratraps_full\TW03-CT01\SD01_20250630_20250703\images\103MEDIA\NSCF0001_250701033301_0581.JPG,NSCF0001_250701033301_0581.JPG,benchmark_500
thewilds_cameratraps_full\TW03-CT01\SD01_20250630_20250703\images\102MEDIA\NSCF0001_250701004901_0925.JPG,NSCF0001_250701004901_0925.JPG,benchmark_500
thewilds_cameratraps_full\TW01-CT02\SD02_20250630_20250703\images\NSCF0002_250701115701_0804.JPG,NSCF0002_250701115701_0804.JPG,benchmark_500
thewilds_cameratraps_full\TW01-CT02\SD02_20250630_20250703\images_1\NSCF0002_250630163401_0067.JPG,NSCF0002_250630163401_0067.JPG,benchmark_500
thewilds_cameratraps_full\TW03-CT01\SD01_20250630_20250703\images\106MEDIA\NSCF0001_250701143801_0289.JPG,NSCF0001_250701143801_0289.JPG,benchmark_500
thewilds_cameratraps_full\TW01-CT02\SD02_20250630_20250703\images\NSCF0002_250701065101_0534.JPG,NSCF0002_250701065101_0534.JPG,benchmark_500
thewilds_cameratraps_full\TW03-CT01\SD01_20250630_20250703\images\101MEDIA\NSCF0001_250630182901_0399.JPG,NSCF0001_250630182901_0399.JPG,benchmark_500
thewilds_cameratraps_full\TW03-CT01\SD01_20250630_20250703\images\106MEDIA\NSCF0001_250701160501_0644.JPG,NSCF0001_250701160501_0644.JPG,benchmark_500
thewilds_cameratraps_full\TW03-CT01\SD01_20250630_20250703\images\101MEDIA\NSCF0001_250630173902_0201.JPG,NSCF0001_250630173902_0201.JPG,benchmark_500
thewilds_cameratraps_full\TW04-CT04\SD04_20250630_20250704\DSCF0796.JPG,DSCF0796.JPG,benchmark_500
thewilds_cameratraps_full\TW01-CT02\SD02_20250630_20250703\images\NSCF0002_250630122101_0034.JPG,NSCF0002_250630122101_0034.JPG,benchmark_500
thewilds_cameratraps_full\TW03-CT01\SD01_20250630_20250703\images\102MEDIA\NSCF0001_250630235401_0706.JPG,NSCF0001_250630235401_0706.JPG,benchmark_500
thewilds_cameratraps_full\TW01-CT02\SD02_20250630_20250703\images\NSCF0002_250702024601_0446.JPG,NSCF0002_250702024601_0446.JPG,benchmark_500
thewilds_cameratraps_full\TW03-CT01\SD01_20250630_20250703\images\100MEDIA\NSCF0001_250630135702_0288.JPG,NSCF0001_250630135702_0288.JPG,benchmark_500
thewilds_cameratraps_full\TW01-CT02\SD02_20250630_20250703\images\NSCF0002_250630144801_0639.JPG,NSCF0002_250630144801_0639.JPG,benchmark_500
thewilds_cameratraps_full\TW01-CT02\SD02_20250630_20250703\images\NSCF0002_250701010802_0155.JPG,NSCF0002_250701010802_0155.JPG,benchmark_500
thewilds_cameratraps_full\TW01-CT02\SD02_20250630_20250703\images_1\NSCF0002_250630134902_0400.JPG,NSCF0002_250630134902_0400.JPG,benchmark_500
thewilds_cameratraps_full\TW03-CT01\SD01_20250630_20250703\images\108MEDIA\NSCF0001_250702002601_0832.JPG,NSCF0001_250702002601_0832.JPG,benchmark_500
thewilds_cameratraps_full\TW03-CT01\SD01_20250630_20250703\images\107MEDIA\NSCF0001_250701205001_0805.JPG,NSCF0001_250701205001_0805.JPG,benchmark_500
thewilds_cameratraps_full\TW03-CT01\SD01_20250630_20250703\images\107MEDIA\NSCF0001_250701183401_0261.JPG,NSCF0001_250701183401_0261.JPG,benchmark_500
thewilds_cameratraps_full\TW01-CT02\SD02_20250630_20250703\images\NSCF0002_250702003301_0896.JPG,NSCF0002_250702003301_0896.JPG,benchmark_500
thewilds_cameratraps_full\TW01-CT02\SD02_20250630_20250703\images\NSCF0002_250701155201_0748.JPG,NSCF0002_250701155201_0748.JPG,benchmark_500
thewilds_cameratraps_full\TW01-CT02\SD02_20250630_20250703\images\NSCF0002_250630195301_0868.JPG,NSCF0002_250630195301_0868.JPG,benchmark_500
thewilds_cameratraps_full\TW01-CT02\SD02_20250630_20250703\images\NSCF0002_250701155902_0778.JPG,NSCF0002_250701155902_0778.JPG,benchmark_500
thewilds_cameratraps_full\TW03-CT01\SD01_20250630_20250703\images\108MEDIA\NSCF0001_250702002301_0818.JPG,NSCF0001_250702002301_0818.JPG,benchmark_500
thewilds_cameratraps_full\TW03-CT01\SD01_20250630_20250703\images\102MEDIA\NSCF0001_250630210202_0014.JPG,NSCF0001_250630210202_0014.JPG,benchmark_500
thewilds_cameratraps_full\TW01-CT02\SD02_20250630_20250703\images\NSCF0002_250630215102_0362.JPG,NSCF0002_250630215102_0362.JPG,benchmark_500
thewilds_cameratraps_full\TW01-CT02\SD02_20250630_20250703\images\NSCF0002_250630222802_0513.JPG,NSCF0002_250630222802_0513.JPG,benchmark_500
thewilds_cameratraps_full\TW03-CT01\SD01_20250630_20250703\images\105MEDIA\NSCF0001_250701115401_0620.JPG,NSCF0001_250701115401_0620.JPG,benchmark_500
thewilds_cameratraps_full\TW03-CT01\SD01_20250630_20250703\images\100MEDIA\NSCF0001_250630134301_0231.JPG,NSCF0001_250630134301_0231.JPG,benchmark_500
thewilds_cameratraps_full\TW03-CT01\SD01_20250630_20250703\images\107MEDIA\NSCF0001_250701192401_0462.JPG,NSCF0001_250701192401_0462.JPG,benchmark_500
thewilds_cameratraps_full\TW01-CT02\SD02_20250630_20250703\images\NSCF0002_250630205902_0153.JPG,NSCF0002_250630205902_0153.JPG,benchmark_500
thewilds_cameratraps_full\TW03-CT01\SD01_20250630_20250703\images\106MEDIA\NSCF0001_250701142801_0248.JPG,NSCF0001_250701142801_0248.JPG,benchmark_500
thewilds_cameratraps_full\TW03-CT01\SD01_20250630_20250703\images\101MEDIA\NSCF0001_250630175201_0252.JPG,NSCF0001_250630175201_0252.JPG,benchmark_500
thewilds_cameratraps_full\TW03-CT01\SD01_20250630_20250703\images\106MEDIA\NSCF0001_250701145602_0362.JPG,NSCF0001_250701145602_0362.JPG,benchmark_500
thewilds_cameratraps_full\TW01-CT02\SD02_20250630_20250703\images\NSCF0002_250701025402_0583.JPG,NSCF0002_250701025402_0583.JPG,benchmark_500
thewilds_cameratraps_full\TW01-CT02\SD02_20250630_20250703\images\NSCF0002_250701031701_0673.JPG,NSCF0002_250701031701_0673.JPG,benchmark_500
thewilds_cameratraps_full\TW03-CT01\SD01_20250630_20250703\images\104MEDIA\NSCF0001_250701052601_0036.JPG,NSCF0001_250701052601_0036.JPG,benchmark_500
thewilds_cameratraps_full\TW01-CT02\SD02_20250630_20250703\images_1\NSCF0002_250702062801_0350.JPG,NSCF0002_250702062801_0350.JPG,benchmark_500
thewilds_cameratraps_full\TW03-CT01\SD01_20250630_20250703\images\101MEDIA\NSCF0001_250630192601_0627.JPG,NSCF0001_250630192601_0627.JPG,benchmark_500
thewilds_cameratraps_full\TW01-CT02\SD02_20250630_20250703\images\NSCF0002_250701072501_0670.JPG,NSCF0002_250701072501_0670.JPG,benchmark_500
thewilds_cameratraps_full\TW01-CT02\SD02_20250630_20250703\images\NSCF0002_250701190302_0519.JPG,NSCF0002_250701190302_0519.JPG,benchmark_500
thewilds_cameratraps_full\TW03-CT01\SD01_20250630_20250703\images\101MEDIA\NSCF0001_250630172501_0143.JPG,NSCF0001_250630172501_0143.JPG,benchmark_500
thewilds_cameratraps_full\TW03-CT01\SD01_20250630_20250703\images\108MEDIA\NSCF0001_250701235201_0695.JPG,NSCF0001_250701235201_0695.JPG,benchmark_500
thewilds_cameratraps_full\TW03-CT01\SD01_20250630_20250703\images\102MEDIA\NSCF0001_250701003601_0873.JPG,NSCF0001_250701003601_0873.JPG,benchmark_500
thewilds_cameratraps_full\TW01-CT02\SD02_20250630_20250703\images_1\NSCF0002_250701114701_0763.JPG,NSCF0002_250701114701_0763.JPG,benchmark_500
thewilds_cameratraps_full\TW01-CT02\SD02_20250630_20250703\images\NSCF0002_250701132201_0144.JPG,NSCF0002_250701132201_0144.JPG,benchmark_500
thewilds_cameratraps_full\TW03-CT01\SD01_20250630_20250703\images\101MEDIA\NSCF0001_250630182801_0396.JPG,NSCF0001_250630182801_0396.JPG,benchmark_500
thewilds_cameratraps_full\TW03-CT01\SD01_20250630_20250703\images\106MEDIA\NSCF0001_250701135901_0132.JPG,NSCF0001_250701135901_0132.JPG,benchmark_500
thewilds_cameratraps_full\TW03-CT01\SD01_20250630_20250703\images\105MEDIA\NSCF0001_250701114351_0577.JPG,NSCF0001_250701114351_0577.JPG,benchmark_500
thewilds_cameratraps_full\TW03-CT01\SD01_20250630_20250703\images\104MEDIA\NSCF0001_250701081101_0695.JPG,NSCF0001_250701081101_0695.JPG,benchmark_500
thewilds_cameratraps_full\TW01-CT02\SD02_20250630_20250703\images\NSCF0002_250701121302_0869.JPG,NSCF0002_250701121302_0869.JPG,benchmark_500
thewilds_cameratraps_full\TW03-CT01\SD01_20250630_20250703\images\105MEDIA\NSCF0001_250701101702_0205.JPG,NSCF0001_250701101702_0205.JPG,benchmark_500
thewilds_cameratraps_full\TW01-CT02\SD02_20250630_20250703\images\NSCF0002_250702010602_0039.JPG,NSCF0002_250702010602_0039.JPG,benchmark_500
thewilds_cameratraps_full\TW01-CT02\SD02_20250630_20250703\images_1\NSCF0002_250701035302_0819.JPG,NSCF0002_250701035302_0819.JPG,benchmark_500
thewilds_cameratraps_full\TW03-CT01\SD01_20250630_20250703\images\104MEDIA\NSCF0001_250701063102_0296.JPG,NSCF0001_250701063102_0296.JPG,benchmark_500
thewilds_cameratraps_full\TW01-CT02\SD02_20250630_20250703\images_1\NSCF0002_250630162801_0044.JPG,NSCF0002_250630162801_0044.JPG,benchmark_500
thewilds_cameratraps_full\TW01-CT02\SD02_20250630_20250703\images_1\NSCF0002_250701193801_0657.JPG,NSCF0002_250701193801_0657.JPG,benchmark_500
thewilds_cameratraps_full\TW04-CT04\SD04_20250630_20250704\DSCF0425.JPG,DSCF0425.JPG,benchmark_500
thewilds_cameratraps_full\TW03-CT01\SD01_20250630_20250703\images\100MEDIA\NSCF0001_250630162902_0920.JPG,NSCF0001_250630162902_0920.JPG,benchmark_500
thewilds_cameratraps_full\TW01-CT02\SD02_20250630_20250703\images_1\NSCF0002_250701231801_0575.JPG,NSCF0002_250701231801_0575.JPG,benchmark_500
thewilds_cameratraps_full\TW01-CT02\SD02_20250630_20250703\images\NSCF0002_250701021801_0438.JPG,NSCF0002_250701021801_0438.JPG,benchmark_500
thewilds_cameratraps_full\TW01-CT02\SD02_20250630_20250703\images\NSCF0002_250701165602_0007.JPG,NSCF0002_250701165602_0007.JPG,benchmark_500
thewilds_cameratraps_full\TW01-CT02\SD02_20250630_20250703\images\NSCF0002_250701143201_0425.JPG,NSCF0002_250701143201_0425.JPG,benchmark_500
thewilds_cameratraps_full\TW01-CT02\SD02_20250630_20250703\images\NSCF0002_250630203322_0041.JPG,NSCF0002_250630203322_0041.JPG,benchmark_500
thewilds_cameratraps_full\TW01-CT02\SD02_20250630_20250703\images\NSCF0002_250702042001_0827.JPG,NSCF0002_250702042001_0827.JPG,benchmark_500
thewilds_cameratraps_full\TW01-CT02\SD02_20250630_20250703\images\NSCF0002_250630150201_0695.JPG,NSCF0002_250630150201_0695.JPG,benchmark_500
thewilds_cameratraps_full\TW03-CT01\SD01_20250630_20250703\images\102MEDIA\NSCF0001_250630225601_0472.JPG,NSCF0001_250630225601_0472.JPG,benchmark_500
thewilds_cameratraps_full\TW03-CT01\SD01_20250630_20250703\images\101MEDIA\NSCF0001_250630194901_0720.JPG,NSCF0001_250630194901_0720.JPG,benchmark_500
thewilds_cameratraps_full\TW01-CT02\SD02_20250630_20250703\images\NSCF0002_250701150200_0544.JPG,NSCF0002_250701150200_0544.JPG,benchmark_500
thewilds_cameratraps_full\TW03-CT01\SD01_20250630_20250703\images\102MEDIA\NSCF0001_250630225701_0476.JPG,NSCF0001_250630225701_0476.JPG,benchmark_500
thewilds_cameratraps_full\TW01-CT02\SD02_20250630_20250703\images\NSCF0002_250701140801_0328.JPG,NSCF0002_250701140801_0328.JPG,benchmark_500
thewilds_cameratraps_full\TW01-CT02\SD02_20250630_20250703\images\NSCF0002_250630130901_0234.JPG,NSCF0002_250630130901_0234.JPG,benchmark_500
thewilds_cameratraps_full\TW01-CT02\SD02_20250630_20250703\images\NSCF0002_250630210902_0193.JPG,NSCF0002_250630210902_0193.JPG,benchmark_500
thewilds_cameratraps_full\TW03-CT01\SD01_20250630_20250703\images\105MEDIA\NSCF0001_250701095001_0095.JPG,NSCF0001_250701095001_0095.JPG,benchmark_500
thewilds_cameratraps_full\TW03-CT01\SD01_20250630_20250703\images\103MEDIA\NSCF0001_250701025001_0409.JPG,NSCF0001_250701025001_0409.JPG,benchmark_500
thewilds_cameratraps_full\TW01-CT02\SD02_20250630_20250703\images\NSCF0002_250630200102_0905.JPG,NSCF0002_250630200102_0905.JPG,benchmark_500
thewilds_cameratraps_full\TW01-CT02\SD02_20250630_20250703\images\NSCF0002_250701145501_0517.JPG,NSCF0002_250701145501_0517.JPG,benchmark_500
thewilds_cameratraps_full\TW01-CT02\SD02_20250630_20250703\images\NSCF0002_250630205044_0114.JPG,NSCF0002_250630205044_0114.JPG,benchmark_500
thewilds_cameratraps_full\TW04-CT04\SD04_20250630_20250704\DSCF0539.JPG,DSCF0539.JPG,benchmark_500
thewilds_cameratraps_full\TW01-CT02\SD02_20250630_20250703\images\NSCF0002_250630162702_0041.JPG,NSCF0002_250630162702_0041.JPG,benchmark_500
thewilds_cameratraps_full\TW03-CT01\SD01_20250630_20250703\images\108MEDIA\NSCF0001_250701224601_0416.JPG,NSCF0001_250701224601_0416.JPG,benchmark_500
thewilds_cameratraps_full\TW01-CT02\SD02_20250630_20250703\images\NSCF0002_250702033802_0656.JPG,NSCF0002_250702033802_0656.JPG,benchmark_500
thewilds_cameratraps_full\TW01-CT02\SD02_20250630_20250703\images\NSCF0002_250630210803_0189.JPG,NSCF0002_250630210803_0189.JPG,benchmark_500
thewilds_cameratraps_full\TW03-CT01\SD01_20250630_20250703\images\100MEDIA\NSCF0001_250630161101_0846.JPG,NSCF0001_250630161101_0846.JPG,benchmark_500
thewilds_cameratraps_full\TW01-CT02\SD02_20250630_20250703\images\NSCF0002_250701154401_0716.JPG,NSCF0002_250701154401_0716.JPG,benchmark_500
thewilds_cameratraps_full\TW01-CT02\SD02_20250630_20250703\images\NSCF0002_250701204901_0949.JPG,NSCF0002_250701204901_0949.JPG,benchmark_500
thewilds_cameratraps_full\TW03-CT01\SD01_20250630_20250703\images\104MEDIA\NSCF0001_250701061701_0238.JPG,NSCF0001_250701061701_0238.JPG,benchmark_500
thewilds_cameratraps_full\TW03-CT01\SD01_20250630_20250703\images\100MEDIA\NSCF0001_250630134001_0219.JPG,NSCF0001_250630134001_0219.JPG,benchmark_500
thewilds_cameratraps_full\TW01-CT02\SD02_20250630_20250703\images\NSCF0002_250701133501_0197.JPG,NSCF0002_250701133501_0197.JPG,benchmark_500
thewilds_cameratraps_full\TW03-CT01\SD01_20250630_20250703\images\101MEDIA\NSCF0001_250630182801_0395.JPG,NSCF0001_250630182801_0395.JPG,benchmark_500
thewilds_cameratraps_full\TW01-CT02\SD02_20250630_20250703\images\NSCF0002_250701034901_0801.JPG,NSCF0002_250701034901_0801.JPG,benchmark_500
thewilds_cameratraps_full\TW03-CT01\SD01_20250630_20250703\images\105MEDIA\NSCF0001_250701111002_0433.JPG,NSCF0001_250701111002_0433.JPG,benchmark_500
thewilds_cameratraps_full\TW03-CT01\SD01_20250630_20250703\images\108MEDIA\NSCF0001_250702004601_0912.JPG,NSCF0001_250702004601_0912.JPG,benchmark_500
thewilds_cameratraps_full\TW03-CT01\SD01_20250630_20250703\images\102MEDIA\NSCF0001_250630212201_0094.JPG,NSCF0001_250630212201_0094.JPG,benchmark_500
thewilds_cameratraps_full\TW03-CT01\SD01_20250630_20250703\images\102MEDIA\NSCF0001_250630215101_0208.JPG,NSCF0001_250630215101_0208.JPG,benchmark_500
thewilds_cameratraps_full\TW01-CT02\SD02_20250630_20250703\images_1\NSCF0002_250702055001_0185.JPG,NSCF0002_250702055001_0185.JPG,benchmark_500
thewilds_cameratraps_full\TW01-CT02\SD02_20250630_20250703\images\NSCF0002_250701161901_0856.JPG,NSCF0002_250701161901_0856.JPG,benchmark_500
thewilds_cameratraps_full\TW03-CT01\SD01_20250630_20250703\images\106MEDIA\NSCF0001_250701163801_0776.JPG,NSCF0001_250701163801_0776.JPG,benchmark_500
thewilds_cameratraps_full\TW01-CT02\SD02_20250630_20250703\images_1\NSCF0002_250702055401_0202.JPG,NSCF0002_250702055401_0202.JPG,benchmark_500
thewilds_cameratraps_full\TW03-CT01\SD01_20250630_20250703\images\107MEDIA\NSCF0001_250701183801_0277.JPG,NSCF0001_250701183801_0277.JPG,benchmark_500
thewilds_cameratraps_full\TW01-CT02\SD02_20250630_20250703\images_1\NSCF0002_250701074802_0764.JPG,NSCF0002_250701074802_0764.JPG,benchmark_500
thewilds_cameratraps_full\TW01-CT02\SD02_20250630_20250703\images\NSCF0002_250701104802_0529.JPG,NSCF0002_250701104802_0529.JPG,benchmark_500
thewilds_cameratraps_full\TW01-CT02\SD02_20250630_20250703\images\NSCF0002_250630231503_0702.JPG,NSCF0002_250630231503_0702.JPG,benchmark_500
thewilds_cameratraps_full\TW01-CT02\SD02_20250630_20250703\images\NSCF0002_250630233001_0760.JPG,NSCF0002_250630233001_0760.JPG,benchmark_500
thewilds_cameratraps_full\TW03-CT01\SD01_20250630_20250703\images\104MEDIA\NSCF0001_250701052201_0019.JPG,NSCF0001_250701052201_0019.JPG,benchmark_500
thewilds_cameratraps_full\TW01-CT02\SD02_20250630_20250703\images_1\NSCF0002_250701174501_0206.JPG,NSCF0002_250701174501_0206.JPG,benchmark_500
thewilds_cameratraps_full\TW01-CT02\SD02_20250630_20250703\images\NSCF0002_250702061902_0307.JPG,NSCF0002_250702061902_0307.JPG,benchmark_500
thewilds_cameratraps_full\TW01-CT02\SD02_20250630_20250703\images_1\NSCF0002_250701115301_0787.JPG,NSCF0002_250701115301_0787.JPG,benchmark_500
thewilds_cameratraps_full\TW01-CT02\SD02_20250630_20250703\images_1\NSCF0002_250701083901_0994.JPG,NSCF0002_250701083901_0994.JPG,benchmark_500
thewilds_cameratraps_full\TW01-CT02\SD02_20250630_20250703\images_1\NSCF0002_250702031501_0562.JPG,NSCF0002_250702031501_0562.JPG,benchmark_500
thewilds_cameratraps_full\TW03-CT01\SD01_20250630_20250703\images\108MEDIA\NSCF0001_250701230501_0508.JPG,NSCF0001_250701230501_0508.JPG,benchmark_500
thewilds_cameratraps_full\TW03-CT01\SD01_20250630_20250703\images\105MEDIA\NSCF0001_250701114001_0559.JPG,NSCF0001_250701114001_0559.JPG,benchmark_500
thewilds_cameratraps_full\TW01-CT02\SD02_20250630_20250703\images\NSCF0002_250630192302_0749.JPG,NSCF0002_250630192302_0749.JPG,benchmark_500
thewilds_cameratraps_full\TW03-CT01\SD01_20250630_20250703\images\104MEDIA\NSCF0001_250701064101_0334.JPG,NSCF0001_250701064101_0334.JPG,benchmark_500
thewilds_cameratraps_full\TW03-CT01\SD01_20250630_20250703\images\103MEDIA\NSCF0001_250701045201_0898.JPG,NSCF0001_250701045201_0898.JPG,benchmark_500
thewilds_cameratraps_full\TW03-CT01\SD01_20250630_20250703\images\103MEDIA\NSCF0001_250701041201_0739.JPG,NSCF0001_250701041201_0739.JPG,benchmark_500
thewilds_cameratraps_full\TW01-CT02\SD02_20250630_20250703\images\NSCF0002_250630233801_0792.JPG,NSCF0002_250630233801_0792.JPG,benchmark_500
thewilds_cameratraps_full\TW01-CT02\SD02_20250630_20250703\images\NSCF0002_250630201401_0956.JPG,NSCF0002_250630201401_0956.JPG,benchmark_500
thewilds_cameratraps_full\TW01-CT02\SD02_20250630_20250703\images_1\NSCF0002_250701064001_0490.JPG,NSCF0002_250701064001_0490.JPG,benchmark_500
thewilds_cameratraps_full\TW03-CT01\SD01_20250630_20250703\images\105MEDIA\NSCF0001_250701113647_0540.JPG,NSCF0001_250701113647_0540.JPG,benchmark_500
thewilds_cameratraps_full\TW01-CT02\SD02_20250630_20250703\images\NSCF0002_250702042701_0854.JPG,NSCF0002_250702042701_0854.JPG,benchmark_500
thewilds_cameratraps_full\TW03-CT01\SD01_20250630_20250703\images\107MEDIA\NSCF0001_250701180501_0125.JPG,NSCF0001_250701180501_0125.JPG,benchmark_500
thewilds_cameratraps_full\TW03-CT01\SD01_20250630_20250703\images\108MEDIA\NSCF0001_250701225501_0460.JPG,NSCF0001_250701225501_0460.JPG,benchmark_500
thewilds_cameratraps_full\TW01-CT02\SD02_20250630_20250703\images\NSCF0002_250701004202_0051.JPG,NSCF0002_250701004202_0051.JPG,benchmark_500
thewilds_cameratraps_full\TW01-CT02\SD02_20250630_20250703\images\NSCF0002_250701170002_0023.JPG,NSCF0002_250701170002_0023.JPG,benchmark_500
thewilds_cameratraps_full\TW01-CT02\SD02_20250630_20250703\images\NSCF0002_250701105901_0572.JPG,NSCF0002_250701105901_0572.JPG,benchmark_500
thewilds_cameratraps_full\TW01-CT02\SD02_20250630_20250703\images\NSCF0002_250701104601_0520.JPG,NSCF0002_250701104601_0520.JPG,benchmark_500
thewilds_cameratraps_full\TW03-CT01\SD01_20250630_20250703\images\101MEDIA\NSCF0001_250630181201_0331.JPG,NSCF0001_250630181201_0331.JPG,benchmark_500
thewilds_cameratraps_full\TW01-CT02\SD02_20250630_20250703\images_1\NSCF0002_250701223202_0388.JPG,NSCF0002_250701223202_0388.JPG,benchmark_500
thewilds_cameratraps_full\TW01-CT02\SD02_20250630_20250703\images\NSCF0002_250701043702_0995.JPG,NSCF0002_250701043702_0995.JPG,benchmark_500
thewilds_cameratraps_full\TW01-CT02\SD02_20250630_20250703\images\NSCF0002_250701094701_0279.JPG,NSCF0002_250701094701_0279.JPG,benchmark_500
thewilds_cameratraps_full\TW01-CT02\SD02_20250630_20250703\images\NSCF0002_250701204901_0950.JPG,NSCF0002_250701204901_0950.JPG,benchmark_500
thewilds_cameratraps_full\TW01-CT02\SD02_20250630_20250703\images_1\NSCF0002_250702020001_0262.JPG,NSCF0002_250702020001_0262.JPG,benchmark_500
thewilds_cameratraps_full\TW01-CT02\SD02_20250630_20250703\images\NSCF0002_250701170701_0049.JPG,NSCF0002_250701170701_0049.JPG,benchmark_500
thewilds_cameratraps_full\TW03-CT01\SD01_20250630_20250703\images\108MEDIA\NSCF0001_250702000301_0740.JPG,NSCF0001_250702000301_0740.JPG,benchmark_500
thewilds_cameratraps_full\TW01-CT02\SD02_20250630_20250703\images\NSCF0002_250630213301_0289.JPG,NSCF0002_250630213301_0289.JPG,benchmark_500
thewilds_cameratraps_full\TW01-CT02\SD02_20250630_20250703\images_1\NSCF0002_250701210601_0018.JPG,NSCF0002_250701210601_0018.JPG,benchmark_500
thewilds_cameratraps_full\TW03-CT01\SD01_20250630_20250703\images\107MEDIA\NSCF0001_250701184002_0287.JPG,NSCF0001_250701184002_0287.JPG,benchmark_500
thewilds_cameratraps_full\TW03-CT01\SD01_20250630_20250703\images\108MEDIA\NSCF0001_250701225438_0454.JPG,NSCF0001_250701225438_0454.JPG,benchmark_500
thewilds_cameratraps_full\TW03-CT01\SD01_20250630_20250703\images\108MEDIA\NSCF0001_250701222601_0336.JPG,NSCF0001_250701222601_0336.JPG,benchmark_500
thewilds_cameratraps_full\TW03-CT01\SD01_20250630_20250703\images\101MEDIA\NSCF0001_250630192901_0639.JPG,NSCF0001_250630192901_0639.JPG,benchmark_500
thewilds_cameratraps_full\TW01-CT02\SD02_20250630_20250703\images\NSCF0002_250630233502_0781.JPG,NSCF0002_250630233502_0781.JPG,benchmark_500
thewilds_cameratraps_full\TW01-CT02\SD02_20250630_20250703\images\NSCF0002_250630185601_0639.JPG,NSCF0002_250630185601_0639.JPG,benchmark_500
thewilds_cameratraps_full\TW03-CT01\SD01_20250630_20250703\images\103MEDIA\NSCF0001_250701044501_0869.JPG,NSCF0001_250701044501_0869.JPG,benchmark_500
thewilds_cameratraps_full\TW03-CT01\SD01_20250630_20250703\images\101MEDIA\NSCF0001_250630183501_0424.JPG,NSCF0001_250630183501_0424.JPG,benchmark_500
thewilds_cameratraps_full\TW03-CT01\SD01_20250630_20250703\images\107MEDIA\NSCF0001_250701211302_0899.JPG,NSCF0001_250701211302_0899.JPG,benchmark_500
thewilds_cameratraps_full\TW01-CT02\SD02_20250630_20250703\images\NSCF0002_250630141001_0483.JPG,NSCF0002_250630141001_0483.JPG,benchmark_500
thewilds_cameratraps_full\TW01-CT02\SD02_20250630_20250703\images\NSCF0002_250630231001_0680.JPG,NSCF0002_250630231001_0680.JPG,benchmark_500
thewilds_cameratraps_full\TW03-CT01\SD01_20250630_20250703\images\106MEDIA\NSCF0001_250701134902_0094.JPG,NSCF0001_250701134902_0094.JPG,benchmark_500
thewilds_cameratraps_full\TW03-CT01\SD01_20250630_20250703\images\108MEDIA\NSCF0001_250701220218_0178.JPG,NSCF0001_250701220218_0178.JPG,benchmark_500
thewilds_cameratraps_full\TW01-CT02\SD02_20250630_20250703\images\NSCF0002_250701153501_0680.JPG,NSCF0002_250701153501_0680.JPG,benchmark_500
thewilds_cameratraps_full\TW01-CT02\SD02_20250630_20250703\images\NSCF0002_250701073302_0704.JPG,NSCF0002_250701073302_0704.JPG,benchmark_500
thewilds_cameratraps_full\TW01-CT02\SD02_20250630_20250703\images_1\NSCF0002_250701074102_0736.JPG,NSCF0002_250701074102_0736.JPG,benchmark_500
thewilds_cameratraps_full\TW03-CT01\SD01_20250630_20250703\images\100MEDIA\NSCF0001_250630134101_0223.JPG,NSCF0001_250630134101_0223.JPG,benchmark_500
thewilds_cameratraps_full\TW03-CT01\SD01_20250630_20250703\images\100MEDIA\NSCF0001_250630131801_0130.JPG,NSCF0001_250630131801_0130.JPG,benchmark_500
thewilds_cameratraps_full\TW01-CT02\SD02_20250630_20250703\images\NSCF0002_250701133202_0186.JPG,NSCF0002_250701133202_0186.JPG,benchmark_500
thewilds_cameratraps_full\TW03-CT01\SD01_20250630_20250703\images\108MEDIA\NSCF0001_250701231001_0526.JPG,NSCF0001_250701231001_0526.JPG,benchmark_500
thewilds_cameratraps_full\TW01-CT02\SD02_20250630_20250703\images_1\NSCF0002_250701061003_0367.JPG,NSCF0002_250701061003_0367.JPG,benchmark_500
thewilds_cameratraps_full\TW04-CT04\SD04_20250630_20250704\DSCF0480.JPG,DSCF0480.JPG,benchmark_500
thewilds_cameratraps_full\TW01-CT02\SD02_20250630_20250703\images\NSCF0002_250630200001_0899.JPG,NSCF0002_250630200001_0899.JPG,benchmark_500
thewilds_cameratraps_full\TW01-CT02\SD02_20250630_20250703\images\NSCF0002_250701072101_0654.JPG,NSCF0002_250701072101_0654.JPG,benchmark_500
thewilds_cameratraps_full\TW01-CT02\SD02_20250630_20250703\images_1\NSCF0002_250630180001_0416.JPG,NSCF0002_250630180001_0416.JPG,benchmark_500
thewilds_cameratraps_full\TW01-CT02\SD02_20250630_20250703\images\NSCF0002_250630122902_0068.JPG,NSCF0002_250630122902_0068.JPG,benchmark_500
thewilds_cameratraps_full\TW01-CT02\SD02_20250630_20250703\images_1\NSCF0002_250701012401_0218.JPG,NSCF0002_250701012401_0218.JPG,benchmark_500
thewilds_cameratraps_full\TW01-CT02\SD02_20250630_20250703\images\NSCF0002_250701190402_0523.JPG,NSCF0002_250701190402_0523.JPG,benchmark_500
thewilds_cameratraps_full\TW03-CT01\SD01_20250630_20250703\images\106MEDIA\NSCF0001_250701163501_0764.JPG,NSCF0001_250701163501_0764.JPG,benchmark_500
thewilds_cameratraps_full\TW03-CT01\SD01_20250630_20250703\images\106MEDIA\NSCF0001_250701164002_0786.JPG,NSCF0001_250701164002_0786.JPG,benchmark_500
thewilds_cameratraps_full\TW01-CT02\SD02_20250630_20250703\images_1\NSCF0002_250702000801_0774.JPG,NSCF0002_250702000801_0774.JPG,benchmark_500
thewilds_cameratraps_full\TW01-CT02\SD02_20250630_20250703\images\NSCF0002_250701214001_0175.JPG,NSCF0002_250701214001_0175.JPG,benchmark_500
thewilds_cameratraps_full\TW01-CT02\SD02_20250630_20250703\images_1\NSCF0002_250701114601_0759.JPG,NSCF0002_250701114601_0759.JPG,benchmark_500
thewilds_cameratraps_full\TW03-CT01\SD01_20250630_20250703\images\104MEDIA\NSCF0001_250701084901_0846.JPG,NSCF0001_250701084901_0846.JPG,benchmark_500
thewilds_cameratraps_full\TW03-CT01\SD01_20250630_20250703\images\105MEDIA\NSCF0001_250701114602_0589.JPG,NSCF0001_250701114602_0589.JPG,benchmark_500
thewilds_cameratraps_full\TW03-CT01\SD01_20250630_20250703\images\106MEDIA\NSCF0001_250701163002_0746.JPG,NSCF0001_250701163002_0746.JPG,benchmark_500
thewilds_cameratraps_full\TW03-CT01\SD01_20250630_20250703\images\101MEDIA\NSCF0001_250630195901_0760.JPG,NSCF0001_250630195901_0760.JPG,benchmark_500
thewilds_cameratraps_full\TW03-CT01\SD01_20250630_20250703\images\104MEDIA\NSCF0001_250701053801_0083.JPG,NSCF0001_250701053801_0083.JPG,benchmark_500
thewilds_cameratraps_full\TW03-CT01\SD01_20250630_20250703\images\105MEDIA\NSCF0001_250701104402_0325.JPG,NSCF0001_250701104402_0325.JPG,benchmark_500
thewilds_cameratraps_full\TW03-CT01\SD01_20250630_20250703\images\100MEDIA\NSCF0001_250630134701_0246.JPG,NSCF0001_250630134701_0246.JPG,benchmark_500
thewilds_cameratraps_full\TW01-CT02\SD02_20250630_20250703\images\NSCF0002_250701060202_0336.JPG,NSCF0002_250701060202_0336.JPG,benchmark_500
thewilds_cameratraps_full\TW01-CT02\SD02_20250630_20250703\images\NSCF0002_250701104301_0508.JPG,NSCF0002_250701104301_0508.JPG,benchmark_500
thewilds_cameratraps_full\TW01-CT02\SD02_20250630_20250703\images\NSCF0002_250701230901_0539.JPG,NSCF0002_250701230901_0539.JPG,benchmark_500
thewilds_cameratraps_full\TW01-CT02\SD02_20250630_20250703\images\NSCF0002_250701135401_0272.JPG,NSCF0002_250701135401_0272.JPG,benchmark_500
thewilds_cameratraps_full\TW01-CT02\SD02_20250630_20250703\images\NSCF0002_250630195802_0893.JPG,NSCF0002_250630195802_0893.JPG,benchmark_500
thewilds_cameratraps_full\TW03-CT01\SD01_20250630_20250703\images\102MEDIA\NSCF0001_250630220701_0273.JPG,NSCF0001_250630220701_0273.JPG,benchmark_500
thewilds_cameratraps_full\TW03-CT01\SD01_20250630_20250703\images\105MEDIA\NSCF0001_250701121501_0704.JPG,NSCF0001_250701121501_0704.JPG,benchmark_500
thewilds_cameratraps_full\TW03-CT01\SD01_20250630_20250703\images\101MEDIA\NSCF0001_250630184401_0460.JPG,NSCF0001_250630184401_0460.JPG,benchmark_500
thewilds_cameratraps_full\TW01-CT02\SD02_20250630_20250703\images\NSCF0002_250630201601_0964.JPG,NSCF0002_250630201601_0964.JPG,benchmark_500
thewilds_cameratraps_full\TW03-CT01\SD01_20250630_20250703\images\105MEDIA\NSCF0001_250701131901_0971.JPG,NSCF0001_250701131901_0971.JPG,benchmark_500
thewilds_cameratraps_full\TW01-CT02\SD02_20250630_20250703\images\NSCF0002_250702012401_0113.JPG,NSCF0002_250702012401_0113.JPG,benchmark_500
thewilds_cameratraps_full\TW01-CT02\SD02_20250630_20250703\images\NSCF0002_250630194601_0841.JPG,NSCF0002_250630194601_0841.JPG,benchmark_500
thewilds_cameratraps_full\TW01-CT02\SD02_20250630_20250703\images\NSCF0002_250630185202_0625.JPG,NSCF0002_250630185202_0625.JPG,benchmark_500
thewilds_cameratraps_full\TW03-CT01\SD01_20250630_20250703\images\102MEDIA\NSCF0001_250630223401_0382.JPG,NSCF0001_250630223401_0382.JPG,benchmark_500
thewilds_cameratraps_full\TW02-CT03\SD03_20250630_20250703\images\DSCF0008.JPG,DSCF0008.JPG,benchmark_500
thewilds_cameratraps_full\TW03-CT01\SD01_20250630_20250703\images\100MEDIA\NSCF0001_250630151101_0599.JPG,NSCF0001_250630151101_0599.JPG,benchmark_500
thewilds_cameratraps_full\TW04-CT04\SD04_20250630_20250704\DSCF0814.JPG,DSCF0814.JPG,benchmark_500
thewilds_cameratraps_full\TW03-CT01\SD01_20250630_20250703\images\108MEDIA\NSCF0001_250701221449_0264.JPG,NSCF0001_250701221449_0264.JPG,benchmark_500
thewilds_cameratraps_full\TW03-CT01\SD01_20250630_20250703\images\101MEDIA\NSCF0001_250630174302_0217.JPG,NSCF0001_250630174302_0217.JPG,benchmark_500
thewilds_cameratraps_full\TW01-CT02\SD02_20250630_20250703\images\NSCF0002_250701062002_0408.JPG,NSCF0002_250701062002_0408.JPG,benchmark_500
thewilds_cameratraps_full\TW01-CT02\SD02_20250630_20250703\images\NSCF0002_250630194401_0832.JPG,NSCF0002_250630194401_0832.JPG,benchmark_500
thewilds_cameratraps_full\TW03-CT01\SD01_20250630_20250703\images\100MEDIA\NSCF0001_250630153802_0708.JPG,NSCF0001_250630153802_0708.JPG,benchmark_500
thewilds_cameratraps_full\TW01-CT02\SD02_20250630_20250703\images\NSCF0002_250630215802_0392.JPG,NSCF0002_250630215802_0392.JPG,benchmark_500
thewilds_cameratraps_full\TW03-CT01\SD01_20250630_20250703\images\108MEDIA\NSCF0001_250701221001_0235.JPG,NSCF0001_250701221001_0235.JPG,benchmark_500
thewilds_cameratraps_full\TW01-CT02\SD02_20250630_20250703\images\NSCF0002_250701100701_0359.JPG,NSCF0002_250701100701_0359.JPG,benchmark_500
thewilds_cameratraps_full\TW01-CT02\SD02_20250630_20250703\images\NSCF0002_250630205503_0138.JPG,NSCF0002_250630205503_0138.JPG,benchmark_500
thewilds_cameratraps_full\TW03-CT01\SD01_20250630_20250703\images\102MEDIA\NSCF0001_250630233301_0621.JPG,NSCF0001_250630233301_0621.JPG,benchmark_500
thewilds_cameratraps_full\TW01-CT02\SD02_20250630_20250703\images\NSCF0002_250630205202_0126.JPG,NSCF0002_250630205202_0126.JPG,benchmark_500
thewilds_cameratraps_full\TW03-CT01\SD01_20250630_20250703\images\104MEDIA\NSCF0001_250701065101_0374.JPG,NSCF0001_250701065101_0374.JPG,benchmark_500
thewilds_cameratraps_full\TW03-CT01\SD01_20250630_20250703\images\108MEDIA\NSCF0001_250701225554_0464.JPG,NSCF0001_250701225554_0464.JPG,benchmark_500
thewilds_cameratraps_full\TW01-CT02\SD02_20250630_20250703\images\NSCF0002_250701152802_0654.JPG,NSCF0002_250701152802_0654.JPG,benchmark_500
thewilds_cameratraps_full\TW01-CT02\SD02_20250630_20250703\images_1\NSCF0002_250701065901_0566.JPG,NSCF0002_250701065901_0566.JPG,benchmark_500
thewilds_cameratraps_full\TW01-CT02\SD02_20250630_20250703\images\NSCF0002_250701021101_0406.JPG,NSCF0002_250701021101_0406.JPG,benchmark_500
thewilds_cameratraps_full\TW04-CT04\SD04_20250630_20250704\DSCF0242.JPG,DSCF0242.JPG,benchmark_500
thewilds_cameratraps_full\TW03-CT01\SD01_20250630_20250703\images\102MEDIA\NSCF0001_250630211501_0065.JPG,NSCF0001_250630211501_0065.JPG,benchmark_500
thewilds_cameratraps_full\TW01-CT02\SD02_20250630_20250703\images\NSCF0002_250701164301_0953.JPG,NSCF0002_250701164301_0953.JPG,benchmark_500
thewilds_cameratraps_full\TW03-CT01\SD01_20250630_20250703\images\102MEDIA\NSCF0001_250630220601_0268.JPG,NSCF0001_250630220601_0268.JPG,benchmark_500
thewilds_cameratraps_full\TW03-CT01\SD01_20250630_20250703\images\102MEDIA\NSCF0001_250630233001_0609.JPG,NSCF0001_250630233001_0609.JPG,benchmark_500
thewilds_cameratraps_full\TW01-CT02\SD02_20250630_20250703\images\NSCF0002_250630173701_0319.JPG,NSCF0002_250630173701_0319.JPG,benchmark_500
thewilds_cameratraps_full\TW03-CT01\SD01_20250630_20250703\images\103MEDIA\NSCF0001_250701014601_0153.JPG,NSCF0001_250701014601_0153.JPG,benchmark_500
thewilds_cameratraps_full\TW01-CT02\SD02_20250630_20250703\images\NSCF0002_250630220802_0433.JPG,NSCF0002_250630220802_0433.JPG,benchmark_500
thewilds_cameratraps_full\TW01-CT02\SD02_20250630_20250703\images_1\NSCF0002_250701104401_0511.JPG,NSCF0002_250701104401_0511.JPG,benchmark_500
thewilds_cameratraps_full\TW03-CT01\SD01_20250630_20250703\images\103MEDIA\NSCF0001_250701051301_0983.JPG,NSCF0001_250701051301_0983.JPG,benchmark_500
thewilds_cameratraps_full\TW03-CT01\SD01_20250630_20250703\images\102MEDIA\NSCF0001_250630223101_0370.JPG,NSCF0001_250630223101_0370.JPG,benchmark_500
thewilds_cameratraps_full\TW03-CT01\SD01_20250630_20250703\images\101MEDIA\NSCF0001_250630205101_0967.JPG,NSCF0001_250630205101_0967.JPG,benchmark_500
thewilds_cameratraps_full\TW03-CT01\SD01_20250630_20250703\images\101MEDIA\NSCF0001_250630165801_0036.JPG,NSCF0001_250630165801_0036.JPG,benchmark_500
thewilds_cameratraps_full\TW01-CT02\SD02_20250630_20250703\images\NSCF0002_250702014601_0205.JPG,NSCF0002_250702014601_0205.JPG,benchmark_500
thewilds_cameratraps_full\TW01-CT02\SD02_20250630_20250703\images\NSCF0002_250701182801_0379.JPG,NSCF0002_250701182801_0379.JPG,benchmark_500
thewilds_cameratraps_full\TW01-CT02\SD02_20250630_20250703\images\NSCF0002_250701123702_0965.JPG,NSCF0002_250701123702_0965.JPG,benchmark_500
thewilds_cameratraps_full\TW03-CT01\SD01_20250630_20250703\images\104MEDIA\NSCF0001_250701062101_0254.JPG,NSCF0001_250701062101_0254.JPG,benchmark_500
thewilds_cameratraps_full\TW03-CT01\SD01_20250630_20250703\images\105MEDIA\NSCF0001_250701103402_0277.JPG,NSCF0001_250701103402_0277.JPG,benchmark_500
thewilds_cameratraps_full\TW01-CT02\SD02_20250630_20250703\images\NSCF0002_250702012701_0125.JPG,NSCF0002_250702012701_0125.JPG,benchmark_500
thewilds_cameratraps_full\TW01-CT02\SD02_20250630_20250703\images\NSCF0002_250701154702_0730.JPG,NSCF0002_250701154702_0730.JPG,benchmark_500
thewilds_cameratraps_full\TW01-CT02\SD02_20250630_20250703\images\NSCF0002_250701190801_0537.JPG,NSCF0002_250701190801_0537.JPG,benchmark_500
thewilds_cameratraps_full\TW01-CT02\SD02_20250630_20250703\images_1\NSCF0002_250701030501_0626.JPG,NSCF0002_250701030501_0626.JPG,benchmark_500
thewilds_cameratraps_full\TW01-CT02\SD02_20250630_20250703\images\NSCF0002_250701033702_0755.JPG,NSCF0002_250701033702_0755.JPG,benchmark_500
thewilds_cameratraps_full\TW03-CT01\SD01_20250630_20250703\images\103MEDIA\NSCF0001_250701040801_0723.JPG,NSCF0001_250701040801_0723.JPG,benchmark_500
thewilds_cameratraps_full\TW01-CT02\SD02_20250630_20250703\images\NSCF0002_250701233601_0647.JPG,NSCF0002_250701233601_0647.JPG,benchmark_500
thewilds_cameratraps_full\TW01-CT02\SD02_20250630_20250703\images_1\NSCF0002_250702004302_0937.JPG,NSCF0002_250702004302_0937.JPG,benchmark_500
thewilds_cameratraps_full\TW01-CT02\SD02_20250630_20250703\images\NSCF0002_250702014501_0201.JPG,NSCF0002_250702014501_0201.JPG,benchmark_500
thewilds_cameratraps_full\TW03-CT01\SD01_20250630_20250703\images\106MEDIA\NSCF0001_250701134001_0057.JPG,NSCF0001_250701134001_0057.JPG,benchmark_500
thewilds_cameratraps_full\TW01-CT02\SD02_20250630_20250703\images\NSCF0002_250630211702_0226.JPG,NSCF0002_250630211702_0226.JPG,benchmark_500
thewilds_cameratraps_full\TW01-CT02\SD02_20250630_20250703\images\NSCF0002_250630132501_0298.JPG,NSCF0002_250630132501_0298.JPG,benchmark_500
thewilds_cameratraps_full\TW01-CT02\SD02_20250630_20250703\images_1\NSCF0002_250702010201_0014.JPG,NSCF0002_250702010201_0014.JPG,benchmark_500
thewilds_cameratraps_full\TW03-CT01\SD01_20250630_20250703\images\103MEDIA\NSCF0001_250701015601_0193.JPG,NSCF0001_250701015601_0193.JPG,benchmark_500
thewilds_cameratraps_full\TW03-CT01\SD01_20250630_20250703\images\101MEDIA\NSCF0001_250630203901_0919.JPG,NSCF0001_250630203901_0919.JPG,benchmark_500
thewilds_cameratraps_full\TW01-CT02\SD02_20250630_20250703\images\NSCF0002_250630234602_0826.JPG,NSCF0002_250630234602_0826.JPG,benchmark_500
thewilds_cameratraps_full\TW01-CT02\SD02_20250630_20250703\images\NSCF0002_250630212102_0242.JPG,NSCF0002_250630212102_0242.JPG,benchmark_500
thewilds_cameratraps_full\TW03-CT01\SD01_20250630_20250703\images\101MEDIA\NSCF0001_250630181901_0360.JPG,NSCF0001_250630181901_0360.JPG,benchmark_500
thewilds_cameratraps_full\TW01-CT02\SD02_20250630_20250703\images\NSCF0002_250701132901_0173.JPG,NSCF0002_250701132901_0173.JPG,benchmark_500
thewilds_cameratraps_full\TW03-CT01\SD01_20250630_20250703\images\100MEDIA\NSCF0001_250630152801_0666.JPG,NSCF0001_250630152801_0666.JPG,benchmark_500
thewilds_cameratraps_full\TW01-CT02\SD02_20250630_20250703\images\NSCF0002_250701035001_0806.JPG,NSCF0002_250701035001_0806.JPG,benchmark_500
thewilds_cameratraps_full\TW01-CT02\SD02_20250630_20250703\images\NSCF0002_250702053701_0134.JPG,NSCF0002_250702053701_0134.JPG,benchmark_500
thewilds_cameratraps_full\TW03-CT01\SD01_20250630_20250703\images\108MEDIA\NSCF0001_250702003801_0880.JPG,NSCF0001_250702003801_0880.JPG,benchmark_500
thewilds_cameratraps_full\TW01-CT02\SD02_20250630_20250703\images\NSCF0002_250630205702_0145.JPG,NSCF0002_250630205702_0145.JPG,benchmark_500
thewilds_cameratraps_full\TW03-CT01\SD01_20250630_20250703\images\108MEDIA\NSCF0001_250702002901_0844.JPG,NSCF0001_250702002901_0844.JPG,benchmark_500
thewilds_cameratraps_full\TW01-CT02\SD02_20250630_20250703\images\NSCF0002_250701162702_0890.JPG,NSCF0002_250701162702_0890.JPG,benchmark_500
thewilds_cameratraps_full\TW01-CT02\SD02_20250630_20250703\images_1\NSCF0002_250630152801_0799.JPG,NSCF0002_250630152801_0799.JPG,benchmark_500
thewilds_cameratraps_full\TW01-CT02\SD02_20250630_20250703\images\NSCF0002_250701213802_0168.JPG,NSCF0002_250701213802_0168.JPG,benchmark_500
thewilds_cameratraps_full\TW01-CT02\SD02_20250630_20250703\images\NSCF0002_250701062202_0415.JPG,NSCF0002_250701062202_0415.JPG,benchmark_500
thewilds_cameratraps_full\TW01-CT02\SD02_20250630_20250703\images_1\NSCF0002_250701194201_0673.JPG,NSCF0002_250701194201_0673.JPG,benchmark_500
thewilds_cameratraps_full\TW03-CT01\SD01_20250630_20250703\images\107MEDIA\NSCF0001_250701210101_0850.JPG,NSCF0001_250701210101_0850.JPG,benchmark_500
thewilds_cameratraps_full\TW03-CT01\SD01_20250630_20250703\images\101MEDIA\NSCF0001_250630185001_0483.JPG,NSCF0001_250630185001_0483.JPG,benchmark_500
thewilds_cameratraps_full\TW03-CT01\SD01_20250630_20250703\images\104MEDIA\NSCF0001_250701092601_0999.JPG,NSCF0001_250701092601_0999.JPG,benchmark_500
thewilds_cameratraps_full\TW01-CT02\SD02_20250630_20250703\images\NSCF0002_250701235702_0732.JPG,NSCF0002_250701235702_0732.JPG,benchmark_500
thewilds_cameratraps_full\TW03-CT01\SD01_20250630_20250703\images\102MEDIA\NSCF0001_250701010401_0984.JPG,NSCF0001_250701010401_0984.JPG,benchmark_500
thewilds_cameratraps_full\TW03-CT01\SD01_20250630_20250703\images\103MEDIA\NSCF0001_250701045501_0909.JPG,NSCF0001_250701045501_0909.JPG,benchmark_500
thewilds_cameratraps_full\TW03-CT01\SD01_20250630_20250703\images\101MEDIA\NSCF0001_250630173201_0171.JPG,NSCF0001_250630173201_0171.JPG,benchmark_500
thewilds_cameratraps_full\TW01-CT02\SD02_20250630_20250703\images\NSCF0002_250630131401_0254.JPG,NSCF0002_250630131401_0254.JPG,benchmark_500
thewilds_cameratraps_full\TW03-CT01\SD01_20250630_20250703\images\104MEDIA\NSCF0001_250701061101_0214.JPG,NSCF0001_250701061101_0214.JPG,benchmark_500
thewilds_cameratraps_full\TW03-CT01\SD01_20250630_20250703\images\107MEDIA\NSCF0001_250701193001_0486.JPG,NSCF0001_250701193001_0486.JPG,benchmark_500
thewilds_cameratraps_full\TW03-CT01\SD01_20250630_20250703\images\101MEDIA\NSCF0001_250630195301_0735.JPG,NSCF0001_250630195301_0735.JPG,benchmark_500
thewilds_cameratraps_full\TW01-CT02\SD02_20250630_20250703\images\NSCF0002_250701233101_0627.JPG,NSCF0002_250701233101_0627.JPG,benchmark_500
thewilds_cameratraps_full\TW03-CT01\SD01_20250630_20250703\images\104MEDIA\NSCF0001_250701054601_0115.JPG,NSCF0001_250701054601_0115.JPG,benchmark_500
thewilds_cameratraps_full\TW01-CT02\SD02_20250630_20250703\images\NSCF0002_250701000601_0905.JPG,NSCF0002_250701000601_0905.JPG,benchmark_500
thewilds_cameratraps_full\TW03-CT01\SD01_20250630_20250703\images\108MEDIA\NSCF0001_250702002301_0820.JPG,NSCF0001_250702002301_0820.JPG,benchmark_500
thewilds_cameratraps_full\TW01-CT02\SD02_20250630_20250703\images\NSCF0002_250701040502_0867.JPG,NSCF0002_250701040502_0867.JPG,benchmark_500
thewilds_cameratraps_full\TW01-CT02\SD02_20250630_20250703\images\NSCF0002_250701013701_0269.JPG,NSCF0002_250701013701_0269.JPG,benchmark_500
thewilds_cameratraps_full\TW04-CT04\SD04_20250630_20250704\DSCF0231.JPG,DSCF0231.JPG,benchmark_500
thewilds_cameratraps_full\TW01-CT02\SD02_20250630_20250703\images\NSCF0002_250701002501_0980.JPG,NSCF0002_250701002501_0980.JPG,benchmark_500
thewilds_cameratraps_full\TW03-CT01\SD01_20250630_20250703\images\105MEDIA\NSCF0001_250701124802_0849.JPG,NSCF0001_250701124802_0849.JPG,benchmark_500
thewilds_cameratraps_full\TW01-CT02\SD02_20250630_20250703\images\NSCF0002_250701060701_0354.JPG,NSCF0002_250701060701_0354.JPG,benchmark_500
thewilds_cameratraps_full\TW01-CT02\SD02_20250630_20250703\images\NSCF0002_250701200002_0747.JPG,NSCF0002_250701200002_0747.JPG,benchmark_500
